tree
version=v4
num_class=1
num_tree_per_iteration=1
label_index=0
max_feature_idx=29
objective=regression
feature_names=hour day_of_week month is_weekend PM2.5_lag_1 PM2.5_lag_2 PM2.5_lag_3 PM2.5_lag_6 PM2.5_lag_12 PM2.5_lag_24 CO2_lag_1 CO2_lag_3 CO2_lag_6 TVOC_lag_1 TVOC_lag_3 TVOC_lag_6 PM10_lag_1 PM10_lag_3 PM10_lag_6 PM2.5_rolling_mean_3 PM2.5_rolling_mean_6 PM2.5_rolling_mean_12 PM2.5_rolling_mean_24 PM2.5_rolling_std_6 PM2.5_rolling_std_12 PM2.5_rolling_std_24 PM2.5_rolling_min_12 PM2.5_rolling_max_12 PM2.5_rolling_min_24 PM2.5_rolling_max_24
feature_infos=[0:23] [0:6] [5:11] [0:1] [0:257.476] [0:257.476] [0:257.476] [0:257.476] [0:257.476] [0:257.476] [383:964] [383:964] [383:964] [4:104] [4:104] [4:104] [4.3300000000000001:1832.624] [4.3300000000000001:1832.624] [4.3300000000000001:1832.624] [0:251.55890909090917] [0.032999999999999967:250.93327272727274] [0.038166666666666661:249.68200000000002] [0.043916666666666659:237.48508055555556] [0:53.976287347418484] [0:50.092966674121257] [0:54.767619106108775] [0:247.38800000000001] [0.059999999999999998:257.476] [0:219.27699999999999] [0.071599999999999997:257.476]
tree_sizes=2747 2794 2786 2812 2804 2806 2797 2763 2790 2801 2808 2801 2797 2814 2806 2801 2787 2824 2736 2730 2675 2827 2741 2741 2804 2493 2583 2487 2326 2306 2315 2290 2405 2551 2399 2303 2423 2282 2510 2374 1805 2127 2524 2415 1681 1937 1680 2704 1957 2139 2465 2308 2295 1871 2526 2219 1987 2128 1700 2131 2312 2427 1742 2829 2520 1779 2259 2588 1879 1838 1439 2079 1870 1364 1858 2472 2425 2156 2314 2547 2256 2204 2197 1953 1433 2842 1805 2241 1907 2015 1921 2227 1953 2221 2429 2131 1415 2680 2523 2433

Tree=0
num_leaves=31
num_cat=0
split_feature=20 4 4 4 4 4 4 4 19 20 20 4 20 20 16 4 4 4 20 4 4 19 16 16 16 14 20 21 19 20
split_gain=8.73397e+07 1.43978e+07 3.53007e+06 2.14001e+06 1.49434e+06 918413 818978 428228 338386 323426 157494 151302 149485 126429 85567.6 80527.5 72230.1 66178.9 54678.6 31489.4 28924.1 24417.6 6155.05 3099.79 2929.77 3445.43 2880.09 2147.03 2113.89 739.999
threshold=56.758883333333344 109.26753333333335 146.25871111111113 86.576800000000006 21.967824463118585 182.98050000000003 125.7283 10.315200000000003 75.564566666666778 101.19811666666668 132.07586084656089 160.69125000000003 115.63046666666666 203.37161666666665 684.70530000000008 100.18620000000003 31.378433027522942 64.015800000000013 85.961566666666684 2.2244000000000006 16.804000000000006 44.813104109589041 550.80860000000018 483.27530000000007 326.17710000000005 47.990000000000002 7.7624888888888899 19.765451176613301 13.419933333333338 1.0432500000000002
decision_type=2 2 2 2 2 2 2 2 2 2 2 2 2 2 2 2 2 2 2 2 2 2 2 2 2 2 2 2 2 2
left_child=4 3 6 8 7 11 12 19 17 14 -8 -4 -3 -7 -5 -11 24 -2 -10 29 28 23 -23 -18 -6 -26 -21 -22 -9 -1
right_child=1 2 5 9 16 13 10 20 18 15 -12 -13 -14 -15 -16 -17 21 -19 -20 26 27 22 -24 -25 25 -27 -28 -29 -30 -31
leaf_value=78.886451849934389 85.150760491579518 90.066078034029474 93.394415622016226 87.906808051505976 81.135742545491865 97.372603198832664 91.519555077348855 80.063573171055012 86.936440617662669 88.877461045099551 92.484976368053822 94.959224032612767 90.884788980548052 100.59398943923838 88.610873020841808 89.640151625549876 83.190257780219198 86.204541226086064 87.556255224790959 79.327011251472783 80.739360481911618 84.176175577120645 85.286146175128522 84.277180917073565 83.297812234016391 81.926402955181757 79.686340811101061 81.021513422978046 80.296684497884144 78.976690735729974
leaf_weight=4276 808 4354 1734 2763 42 401 3908 759 3020 2264 2977 960 4572 175 4600 3563 417 2271 2692 1689 906 326 59 28 20 218 257 384 798 1154
leaf_count=4276 808 4354 1734 2763 42 401 3908 759 3020 2264 2977 960 4572 175 4600 3563 417 2271 2692 1689 906 326 59 28 20 218 257 384 798 1154
internal_value=87.5814 89.7263 91.7361 87.9817 79.8098 94.727 91.1175 79.4314 86.773 88.7872 91.937 93.952 90.4854 98.3513 88.3467 89.3438 83.2946 85.928 87.2286 79.0293 80.4732 83.7631 84.3463 83.2586 81.9058 82.0416 79.3745 80.8234 80.183 78.9056
internal_weight=52395 41062 19081 21981 11333 3270 15811 10223 8791 13190 6885 2694 8926 576 7363 5827 1110 3079 5712 7376 2847 830 385 445 280 238 1946 1290 1557 5430
internal_count=52395 41062 19081 21981 11333 3270 15811 10223 8791 13190 6885 2694 8926 576 7363 5827 1110 3079 5712 7376 2847 830 385 445 280 238 1946 1290 1557 5430
is_linear=0
shrinkage=1


Tree=1
num_leaves=31
num_cat=0
split_feature=4 4 4 4 19 4 4 4 4 20 20 20 20 16 20 20 20 20 4 4 12 4 10 16 19 17 16 4 4 20
split_gain=7.075e+07 1.16382e+07 2.54903e+06 2.09609e+06 1.30953e+06 784057 476668 358689 346469 304895 162214 109117 89392.7 83345 69827.1 65178 61140.7 59210.4 58192.9 28730.7 21369.8 19620.8 7520.47 6359.6 3564.7 2872.71 2064.96 1823.09 1143.05 599.394
threshold=55.500600000000013 112.5362777777778 156.32700000000003 89.515100000000018 21.950440087145974 132.23120000000003 193.75820000000002 75.806100000000015 8.3818714285714311 105.22621666666669 120.67665000000001 136.55697658730159 158.42256190476192 715.83170000000007 85.961566666666684 44.685410684931504 67.794616666666684 203.37161666666665 103.06290000000001 16.804000000000006 845.31174311926611 2.2244000000000006 572.8900000000001 608.13420000000008 11.753871497584546 470.7059000000001 326.17710000000005 18.95568888888889 3.8014000000000006 1.0432500000000002
decision_type=2 2 2 2 2 2 2 2 2 2 2 2 2 2 2 2 2 2 2 2 2 2 2 2 2 2 2 2 2 2
left_child=4 3 5 7 8 10 12 16 21 13 -3 -7 -4 -5 -9 22 -2 -8 -11 24 23 29 25 -17 -10 -6 -24 -21 -23 -1
right_child=1 2 6 9 15 11 17 14 19 18 -12 -13 -14 -15 -16 20 -18 -19 -20 27 -22 28 26 -25 -26 -27 -28 -29 -30 -31
leaf_value=-7.8254196557739952 -2.09180728114104 2.5660226499671199 5.8901066621051772 0.54952058464954223 -4.4889616893999502 4.0279144282142321 9.4484016530148622 -0.4664831190132252 -6.9776267580391567 1.470706368784688 3.3853892701032997 4.9194066487342623 7.425979300947751 1.2015597971825149 0.18484374137373094 -2.9320704284823687 -1.1323196080179054 11.962780561564882 2.1479574685934524 -6.3688796298042023 -3.8689850996885378 -7.5740443244347206 -5.8140482923719619 -1.320194389499151 -6.6303890587465606 -3.2302557220458987 -5.070582563226874 -6.0342478685560605 -7.3798441163231345 -7.7442049935537574
leaf_weight=4276 869 5156 856 3317 66 2949 222 3157 377 1998 4547 2569 680 4793 3439 418 2817 162 3476 191 367 390 45 26 1370 25 220 1103 1360 1154
leaf_count=4276 869 5156 856 3317 66 2949 222 3157 377 1998 4547 2569 680 4793 3439 418 2817 162 3476 191 367 390 45 26 1370 25 220 1103 1360 1154
internal_value=1.27942e-08 1.93648 3.92434 0.50876 -6.97306 3.49123 7.35787 -0.568424 -7.33541 1.3241 2.94999 4.44296 6.57005 0.934875 -0.126897 -3.79952 -1.35853 10.5092 1.90076 -6.44079 -3.30437 -7.71431 -4.92749 -2.83768 -6.70532 -4.14316 -5.19683 -6.08364 -7.42312 -7.80816
internal_weight=52395 41007 17141 23866 11388 15221 1920 10282 10221 13584 9703 5518 1536 8110 6596 1167 3686 384 5474 3041 811 7180 356 444 1747 91 265 1294 1750 5430
internal_count=52395 41007 17141 23866 11388 15221 1920 10282 10221 13584 9703 5518 1536 8110 6596 1167 3686 384 5474 3041 811 7180 356 444 1747 91 265 1294 1750 5430
is_linear=0
shrinkage=0.1


Tree=2
num_leaves=31
num_cat=0
split_feature=20 4 4 19 4 4 4 4 4 4 4 20 19 20 16 20 4 16 4 4 19 19 16 4 16 12 23 20 21 20
split_gain=5.73247e+07 9.47964e+06 2.19857e+06 1.59703e+06 974326 661371 401519 294171 281035 240251 133016 92755.4 90843.9 81571.7 60164.4 54936.6 54168 49015.1 46751.3 20785 18958.1 14954.3 4116.57 2379.45 2121.89 1873.82 1788.25 1714 1017.59 1008.48
threshold=56.758883333333344 111.18500000000002 144.36690000000002 90.0715 21.967824463118585 176.05355000000003 125.7283 75.806100000000015 10.315200000000003 100.50000000000001 210.27833333333336 128.83915238095241 150.08414047619061 112.55246944444447 702.40120000000013 106.42489444444445 67.576900000000009 628.97542941176482 31.378433027522942 3.6376000000000004 18.517440126152362 44.813104109589041 550.80860000000018 14.670400000000003 483.27530000000007 481.42000000000002 0.084755925056623077 7.7624888888888899 19.765451176613301 1.7334833333333337
decision_type=2 2 2 2 2 2 2 2 2 2 2 2 2 2 2 2 2 2 2 2 2 2 2 2 2 2 2 2 2 2
left_child=4 3 6 7 8 12 13 16 19 14 -7 -8 -4 -3 -5 -11 -2 -9 25 29 23 24 -23 -10 -20 -6 -27 -21 -22 -1
right_child=1 2 5 9 18 10 11 17 20 15 -12 -13 -14 -15 -16 -17 -18 -19 21 27 28 22 -24 -25 -26 26 -28 -29 -30 -31
leaf_value=-7.0339934097898027 -1.7373402047097724 1.9761134626145331 4.4474846918029582 0.37240112754024252 -3.8664367921890754 7.5008007615804679 3.0854867471352381 -0.43661246050188707 -6.0465480238634868 1.2731946043684459 10.540085363388062 3.8421016797785001 5.5739796147830249 2.6559304656700355 0.97507326970009256 1.8674604673274104 -0.94982561523387321 0.11765505149556228 -3.5566956440035962 -6.6672829721638101 -5.5057224494976236 -2.7880594949963635 -1.880316044920582 -5.7972865350192153 -2.6574163981846404 -4.5616152980540061 -5.2464554157662899 -6.3863380477184393 -5.3051871905290078 -6.882434451580048
leaf_weight=5145 1426 2714 1577 2858 31 576 3079 2923 1163 3000 192 3420 1311 5048 3940 3231 2254 3513 417 1497 724 326 59 571 28 202 47 254 389 480
leaf_count=5145 1426 2714 1577 2858 31 576 3079 2923 1163 3000 192 3420 1311 5048 3940 3231 2254 3513 417 1497 724 326 59 571 28 202 47 254 389 480
internal_value=-1.40113e-08 1.73771 3.46463 0.400873 -6.29613 5.65244 2.90376 -0.54184 -6.60166 1.13282 8.26062 3.48364 4.95885 2.41823 0.721699 1.58134 -1.25499 -0.134073 -3.48224 -6.9274 -5.75773 -3.1053 -2.64895 -5.96447 -3.50011 -4.5996 -4.69088 -6.62653 -5.43563 -7.02106
internal_weight=52395 41062 17917 23145 11333 3656 14261 10116 10223 13029 768 6499 2888 7762 6798 6231 3680 6436 1110 7376 2847 830 385 1734 445 280 249 1751 1113 5625
internal_count=52395 41062 17917 23145 11333 3656 14261 10116 10223 13029 768 6499 2888 7762 6798 6231 3680 6436 1110 7376 2847 830 385 1734 445 280 249 1751 1113 5625
is_linear=0
shrinkage=0.1


Tree=3
num_leaves=31
num_cat=0
split_feature=4 4 4 4 19 4 4 19 4 20 20 20 16 20 20 4 16 20 16 16 4 21 6 19 4 16 23 4 4 4
split_gain=4.64502e+07 7.52857e+06 1.56837e+06 1.56402e+06 1.08063e+06 460388 284742 261986 227515 207761 96060.8 65857.6 64316.5 57812.5 55715.5 51111.8 47276.7 41201.7 41076.5 19560.8 18922.4 12915.1 5792.31 4037.28 2571.67 1798.82 1342.99 1234.66 682.904 533.522
threshold=58.310200000000016 115.21870000000001 158.32276666666669 91.832300000000018 21.950440087145974 134.90111428571433 193.75820000000002 80.074900529100816 8.3818714285714311 103.69745000000002 122.03850833333334 142.8395931878307 815.61260000000004 165.20905925925928 44.808062739726026 71.597200000000001 611.37240000000008 203.37161666666665 757.51840000000004 431.46600000000007 16.804000000000006 3.3338781385281364 88.088800000000006 52.489600000000003 12.434400000000002 326.17710000000005 12.041686216436801 19.767724163027662 3.8014000000000006 1.0571000000000002
decision_type=2 2 2 2 2 2 2 2 2 2 2 2 2 2 2 2 2 2 2 2 2 2 2 2 2 2 2 2 2 2
left_child=4 3 5 7 8 10 13 15 21 18 -3 -7 -11 -4 19 -2 -9 -8 -5 25 24 29 23 -16 -10 -6 -21 -22 -23 -1
right_child=1 2 6 9 14 11 17 16 20 12 -12 -13 -14 -15 22 -17 -18 -19 -20 26 27 28 -24 -25 -26 -27 -28 -29 -30 -31
leaf_value=-6.3391781900684903 -1.3162735183778556 2.222203577432321 5.0008652512607092 0.6121424269207435 -4.7391295059867522 3.5209932285218777 7.6713385849385647 -0.38867826781247516 -5.6029236062313235 1.2897895432189361 2.8713149085939413 4.3425581080771263 1.8885518802221348 6.3883314898998274 -2.7268366537867368 -0.64106762188166178 0.20332874653535465 9.7687769524845081 1.1167402489288345 -3.1484671353045561 -4.9928923307575452 -6.1265212559055646 -0.81155883348905133 -2.1700710526616738 -5.3456215779805927 -4.0601300185756459 -2.3919275493621828 -4.7822418714452679 -5.972722626313046 -6.2628733295171486
leaf_weight=4334 1971 4596 891 3740 46 3366 222 1843 583 3384 4524 1374 3818 453 185 2600 5032 162 2837 382 889 370 26 440 1164 257 25 405 1314 1162
leaf_count=4334 1971 4596 891 3740 46 3366 222 1843 583 3384 4524 1374 3818 453 185 2600 5032 162 2837 382 889 370 26 440 1164 257 25 405 1314 1162
internal_value=2.50913e-09 1.58614 3.31387 0.51847 -5.58928 2.9597 6.15467 -0.345477 -5.94176 1.23614 2.5442 3.75914 1.60721 5.46852 -2.94222 -0.932214 0.0446278 8.5562 0.829802 -3.55488 -5.2168 -6.24881 -2.27403 -2.33487 -5.43149 -4.16321 -3.102 -4.92696 -6.00651 -6.32305
internal_weight=52395 40813 15588 25225 11582 13860 1728 11446 10221 13779 9120 4740 7202 1344 1361 4571 6875 384 6577 710 3041 7180 651 625 1747 303 407 1294 1684 5496
internal_count=52395 40813 15588 25225 11582 13860 1728 11446 10221 13779 9120 4740 7202 1344 1361 4571 6875 384 6577 710 3041 7180 651 625 1747 303 407 1294 1684 5496
is_linear=0
shrinkage=0.1


Tree=4
num_leaves=31
num_cat=0
split_feature=4 19 4 4 19 4 4 4 4 19 20 27 4 20 16 19 20 4 20 16 4 4 6 19 19 16 4 23 27 29
split_gain=3.76246e+07 6.14234e+06 1.48805e+06 952954 875310 408180 336923 184446 176876 134714 81536.5 78364 59524.9 45129.5 43397.9 39847.6 39310.5 32892.9 17253.4 15844.2 13602.1 12971.4 4691.77 3270.2 1723.94 1457.04 1183.81 1087.82 706.622 547.239
threshold=58.310200000000016 110.68689629629652 146.25871111111113 87.349400000000017 21.950440087145974 182.98050000000003 122.95400000000002 10.315200000000003 100.50000000000001 75.564566666666778 132.07586084656089 170.19325000000003 210.27833333333336 44.808062739726026 800.20630000000006 92.79093333333357 127.97938240740741 79.993500000000026 67.794616666666684 431.46600000000007 3.6376000000000004 18.95568888888889 88.088800000000006 52.489600000000003 14.632535587761682 326.17710000000005 5.5569703751617077 12.041686216436801 2.5638666666666672 20.703000000000007
decision_type=2 2 2 2 2 2 2 2 2 2 2 2 2 2 2 2 2 2 2 2 2 2 2 2 2 2 2 2 2 2
left_child=4 3 6 9 7 11 16 20 15 18 -8 -4 -7 19 -10 -5 -3 -11 -2 25 28 24 23 -15 -9 -6 -22 -21 -1 -23
right_child=1 2 5 8 13 12 10 21 14 17 -12 -13 -14 22 -16 -17 -18 -19 -20 27 26 29 -24 -25 -26 -27 -28 -29 -30 -31
leaf_value=-5.6983310919913963 -1.4550971159629273 1.7650224756839634 3.6673088631494259 0.22447317044160231 -4.2652165786079745 6.418268729452393 2.5510241414942825 -4.9049933131674059 0.95619181709589718 -0.48778775293992727 3.2034947979183879 4.7461939882698347 8.5747440238793686 -2.4541530491210324 1.4786923767117788 0.70283017517158575 2.4224404867752387 -0.016372759770597975 -0.90093258242875773 -2.8336203426590765 -5.4120383074704339 -4.4488208084106446 -0.73040297810847943 -1.9530639708245343 -4.6950828497566617 -3.6541169388053021 -5.214405519534381 -2.152734820365906 -5.574122672716145 -4.3025443113767183
leaf_weight=5122 770 6002 1353 2935 46 384 4775 1150 3021 2575 3198 1340 192 185 3355 4282 1072 3481 2078 382 1360 700 26 440 593 257 390 25 503 403
leaf_count=5122 770 6002 1353 2935 46 384 4775 1150 3021 2575 3198 1340 192 185 3355 4282 1072 3481 2078 382 1360 700 26 440 593 257 390 25 503 403
internal_value=7.55472e-09 1.42753 2.78714 0.320594 -5.03036 4.72093 2.36701 -5.34758 0.847349 -0.483559 2.81273 4.20415 7.13709 -2.648 1.23113 0.508293 1.86465 -0.216818 -1.05076 -3.19939 -5.61147 -4.66375 -2.04663 -2.10139 -4.83358 -3.74689 -5.36799 -2.7918 -5.68722 -4.39538
internal_weight=52395 40813 18316 22497 11582 3269 15047 10221 13593 8904 7973 2693 576 1361 6376 7217 7074 6056 2848 710 7375 2846 651 625 1743 303 1750 407 5625 1103
internal_count=52395 40813 18316 22497 11582 3269 15047 10221 13593 8904 7973 2693 576 1361 6376 7217 7074 6056 2848 710 7375 2846 651 625 1743 303 1750 407 5625 1103
is_linear=0
shrinkage=0.1


Tree=5
num_leaves=31
num_cat=0
split_feature=20 4 4 4 4 4 19 4 19 19 20 4 16 16 27 4 16 20 4 19 20 5 16 4 26 15 23 19 4 4
split_gain=3.04826e+07 5.11973e+06 1.27805e+06 747498 512546 368999 269444 149535 146425 101818 88263.1 65018.9 61453.4 49329.4 35110.7 24558.9 24546.8 24200.5 19444.6 12401.2 8510.4 7466.38 5130.58 1761.86 1558.31 1433.04 914.079 808.799 739.734 249.105
threshold=56.758883333333344 108.93733333333334 144.36690000000002 84.828400000000016 21.967824463118585 170.94650000000004 123.42367619047637 8.3818714285714311 95.970633333333453 73.045966666666686 176.6216986772487 134.34830000000002 873.78400000000011 757.51840000000004 166.87212698412699 31.378433027522942 665.99080000000015 82.562616666666671 60.713733333333344 16.571593094289515 2.200538888888889 44.826510684931513 483.27530000000007 12.434400000000002 14.604600000000003 47.410000000000011 0.084755925056623077 19.766071081999041 4.96008047808765 0.82830000000000015
decision_type=2 2 2 2 2 2 2 2 2 2 2 2 2 2 2 2 2 2 2 2 2 2 2 2 2 2 2 2 2 2
left_child=4 3 6 9 7 14 12 20 16 18 -7 -8 -3 -10 -4 25 -5 -11 -2 23 29 24 -23 -9 -17 -6 -27 -21 -22 -1
right_child=1 2 5 8 15 10 11 19 13 17 -12 -13 -14 -15 -16 21 -18 -19 -20 27 28 22 -24 -25 -26 26 -28 -29 -30 -31
leaf_value=-5.1384859389813098 -1.6997078070861524 1.3782142105711206 3.2016474163674769 0.024898550299677313 -2.637653871536255 4.8916560033475518 2.277084708065487 -4.5419970187944241 0.64269868005438624 -0.55829115545370345 6.8103071075870147 2.8981790349823946 1.921014443118275 1.143658568005625 3.9252015954806674 -3.1886869675772531 0.44193850274953672 -0.13769527723189004 -0.97645096298268175 -4.0438363469916307 -4.9665169379105274 -2.1168050835140391 -1.1446801849386909 -4.3286579922924409 -2.4943733664498122 -3.3340293128891747 -3.8006330921964828 -3.8722021776907924 -4.8315501243287624 -5.0894635071039369
leaf_weight=3937 465 3793 1443 2335 25 495 4494 582 3398 2537 465 2697 4634 4663 1253 35 3568 2969 1853 911 606 306 66 1156 423 202 53 393 1231 1407
leaf_count=3937 465 3793 1443 2335 25 495 4494 582 3398 2537 465 2697 4634 4663 1253 35 3568 2969 1853 911 606 306 66 1156 423 202 53 393 1231 1407
internal_value=4.50378e-09 1.26717 2.45437 0.216946 -4.59123 4.13742 2.06039 -4.81283 0.655381 -0.565559 5.821 2.51003 1.6767 0.932486 3.53793 -2.55033 0.276974 -0.331493 -1.12154 -4.22521 -5.06175 -2.27713 -1.94433 -4.4001 -2.54743 -3.36017 -3.43101 -3.99211 -4.87607 -5.12558
internal_weight=52395 41062 19274 21788 11333 3656 15618 10223 13964 7824 960 7191 8427 8061 2696 1110 5903 5506 2318 3042 7181 830 372 1738 458 280 255 1304 1837 5344
internal_count=52395 41062 19274 21788 11333 3656 15618 10223 13964 7824 960 7191 8427 8061 2696 1110 5903 5506 2318 3042 7181 830 372 1738 458 280 255 1304 1837 5344
is_linear=0
shrinkage=0.1


Tree=6
num_leaves=31
num_cat=0
split_feature=20 19 19 19 4 19 4 4 4 4 4 4 4 4 16 16 16 4 4 21 6 5 16 4 17 15 4 24 15 4
split_gain=2.46909e+07 4.17901e+06 1.03396e+06 618872 415162 267667 263980 121334 112096 104322 54899.4 48493.8 47955.4 46707.9 32662 23392.2 22275.5 19892.7 15455.4 8946.09 8426.98 6047.77 4155.77 1268.9 1263.58 1162.25 995.936 784.97 434.487 321.391
threshold=56.758883333333344 109.39946666666684 144.97048425925954 87.793966666666748 21.967824463118585 179.45808518518547 125.3466142857143 10.315200000000003 97.527744444444451 72.990400000000008 137.43100000000001 210.27833333333336 160.69125000000003 115.88700000000001 767.04750000000001 585.25540000000012 671.41120000000012 31.378433027522942 64.015800000000013 3.3338781385281364 18.95568888888889 44.826510684931513 483.27530000000007 14.104100000000001 431.46600000000007 47.282857142857146 5.5569703751617077 9.453255591664556 72.215462184873971 1.2314000000000001
decision_type=2 2 2 2 2 2 2 2 2 2 2 2 2 2 2 2 2 2 2 2 2 2 2 2 2 2 2 2 2 2
left_child=4 3 6 9 7 12 13 19 16 18 -8 -7 -4 -3 -10 -11 -5 25 -2 29 23 24 -23 -9 -19 -6 -21 -27 -22 -1
right_child=1 2 5 8 17 11 10 20 14 15 -12 -13 -14 -15 -16 -17 -18 21 -20 26 28 22 -24 -25 -26 27 -28 -29 -30 -31
leaf_value=-4.6211442459588765 -1.314171452476903 1.314454359725195 3.1322102969982204 0.075498729772948553 -2.358751993874709 5.2042473114839751 2.1251866683772969 -3.9912970152543616 0.64135779521343705 -0.52301102258449506 2.6913100979590823 7.1674008118069699 4.0509321686704913 1.7755426631304809 1.0809731241930383 -0.091554486336574842 0.46855979986893592 -2.7725684039446774 -0.80212977193111146 -4.3928662149994464 -3.4742356539093038 -1.9051245610211411 -1.0302121419346695 -3.8190429879973333 -2.2351973847538456 -3.0341927150969812 -4.2088205473390348 -3.6723135448637465 -3.6066568965860455 -4.5578455204107824
leaf_weight=4524 860 4662 1663 2309 24 398 4335 965 2815 1782 2832 184 863 4155 4229 4262 3839 49 1874 1512 372 306 66 768 409 235 365 21 742 975
leaf_count=4524 860 4662 1663 2309 24 398 4335 965 2815 1782 2832 184 863 4155 4229 4262 3839 49 1874 1512 372 306 66 768 409 235 365 21 742 975
internal_value=-1.38955e-09 1.14045 2.22265 0.200018 -4.13211 3.89154 1.89814 -4.33154 0.632958 -0.450625 2.34889 5.8249 3.44609 1.53174 0.905289 -0.218764 0.320938 -2.2953 -0.963196 -4.54558 -3.77702 -2.04941 -1.7499 -3.91496 -2.29269 -3.02416 -4.35708 -3.08654 -3.56244 -4.60992
internal_weight=52395 41062 19092 21970 11333 3108 15984 10223 13192 8778 7167 582 2526 8817 7044 6044 6148 1110 2734 7376 2847 830 372 1733 458 280 1877 256 1114 5499
internal_count=52395 41062 19092 21970 11333 3108 15984 10223 13192 8778 7167 582 2526 8817 7044 6044 6148 1110 2734 7376 2847 830 372 1733 458 280 1877 256 1114 5499
is_linear=0
shrinkage=0.1


Tree=7
num_leaves=31
num_cat=0
split_feature=19 19 19 4 19 4 4 20 19 4 16 16 16 4 16 16 19 20 4 16 4 16 20 10 7 29 4 16 4 9
split_gain=2.00034e+07 3.32636e+06 724422 639540 440782 211890 146429 129745 98228.3 79897.3 42697 36996.2 36872.4 35394.4 25599.6 24610 21737.8 19822.6 17888.1 9453.87 8537.51 6204.27 5459.95 3090.37 2919.99 2841.88 1689.62 947.263 500.382 288.493
threshold=59.169566666666988 113.92623492063505 153.37660952380955 92.563000000000002 21.950440087145974 131.64150000000004 193.75820000000002 78.615170588235301 8.1319857142857206 104.6632 948.46872500000006 1146.1058 614.31299999999999 163.61080000000001 824.1178000000001 1456.001047619048 44.813104109589041 94.328033333333352 68.391700000000014 431.46600000000007 18.95568888888889 614.31299999999999 2.200538888888889 423.56333333333345 44.826510684931513 112.2899 11.728600000000002 326.17710000000005 4.9674804780876505 5.5569703751617077
decision_type=2 2 2 2 2 2 2 2 2 2 2 2 2 2 2 2 2 2 2 2 2 2 2 2 2 2 2 2 2 2
left_child=4 3 5 7 8 10 13 18 22 17 -3 -7 -9 -4 -11 -8 19 -5 -2 27 26 24 -1 -21 -18 -23 -10 -6 -24 -22
right_child=1 2 6 9 16 11 15 12 20 14 -12 -13 -14 -15 -16 -17 21 -19 -20 23 29 25 28 -25 -26 -27 -28 -29 -30 -31
leaf_value=-4.1520146578511312 -1.0388168061705265 1.4123969176090974 3.0569387291460366 0.29914371913702692 -3.1619019715682324 2.2337868547959383 4.5767385858250416 -0.31267564570458889 -3.7285602316798938 0.82918844499974032 1.8617088864195726 2.8352769121948986 0.1392077103602837 4.0100011055648794 1.2493073427752046 6.2816406936157412 -2.4803373006837712 0.6728711872140074 -0.56819525118086589 -0.99950787488903325 -2.825084037780762 0.39523778603128767 -4.0086263347905753 -2.0862296745777131 -1.5357020403471431 -1.1603071664770446 -3.5012161037829017 -2.6694584250910403 -3.9033361021806359 -3.2083761144697998
leaf_weight=5345 1216 5294 791 2030 46 4276 127 2677 415 2589 3522 1344 5548 768 3298 254 35 4717 2405 28 20 23 831 400 503 24 1540 259 988 1082
leaf_count=5345 1216 5294 791 2030 46 4276 127 2677 415 2589 3522 1344 5548 768 3298 254 35 4717 2405 28 20 23 831 400 503 24 1540 259 988 1082
internal_value=3.43784e-09 1.0384 2.14161 0.300399 -3.67664 1.89779 3.95593 -0.227454 -3.89858 0.795328 1.5919 2.37763 -0.00786727 3.52644 1.06455 5.71334 -1.95549 0.560426 -0.726239 -2.3183 -3.42401 -1.5009 -4.10109 -2.01514 -1.59716 -0.399083 -3.54948 -2.74373 -3.95144 -3.20142
internal_weight=52395 40856 16376 24480 11539 14436 1940 11846 10221 12634 8816 5620 8225 1559 5887 381 1318 6747 3621 733 3057 585 7164 428 538 47 1955 305 1819 1102
internal_count=52395 40856 16376 24480 11539 14436 1940 11846 10221 12634 8816 5620 8225 1559 5887 381 1318 6747 3621 733 3057 585 7164 428 538 47 1955 305 1819 1102
is_linear=0
shrinkage=0.1


Tree=8
num_leaves=31
num_cat=0
split_feature=4 4 4 4 19 4 4 20 20 19 21 21 16 16 20 26 16 16 20 4 12 4 16 23 18 24 4 4 4 20
split_gain=1.62078e+07 2.69849e+06 629737 521267 373132 147113 117318 96880.3 88635.1 79564.9 45188.5 30492.8 26930.8 25420.4 23874.4 23825.2 22217.5 19409.7 19101.4 7063 6878.12 4461.31 3573.47 3026.57 1162.93 1147.04 899.162 827.134 326.778 206.048
threshold=58.310200000000016 117.6332 93.612000000000009 160.69125000000003 21.950440087145974 137.43100000000001 79.993500000000026 187.39606455026458 109.21595925925926 8.1319857142857206 122.62674166666669 139.82548654100529 757.51840000000004 1518.4597428571431 87.740050000000025 66.503400000000013 1188.2941333333335 813.21270000000015 44.685410684931504 15.4869 845.31174311926611 2.2244000000000006 550.80860000000018 16.509997560575041 470.58660000000003 0.12081114039536504 11.728600000000002 18.95568888888889 4.9674804780876505 0.9087333333333335
decision_type=2 2 2 2 2 2 2 2 2 2 2 2 2 2 2 2 2 2 2 2 2 2 2 2 2 2 2 2 2 2
left_child=4 2 6 5 9 10 15 16 12 21 -3 -7 -4 -9 -8 -2 -5 -10 23 26 22 29 -20 24 -6 -22 -11 -21 -23 -1
right_child=1 3 8 7 18 11 14 13 17 19 -12 -13 -14 -15 -16 -17 -18 -19 20 27 25 28 -24 -25 -26 -27 -28 -29 -30 -31
leaf_value=-3.7467799584343413 -0.74150560194243953 1.3740354773670105 0.3929229359654266 2.7051075456609035 -2.4875573240593081 2.1242023035336604 -0.13608829002383979 4.3950310138652204 0.84989219555373818 -3.355704206903297 1.8342412216152817 2.6897864800665947 0.75231430718484338 6.0557702104472586 0.23534930441449986 -0.31451911930983889 3.6407681727500383 1.2357208541312703 -1.4131366965186212 -3.0517058153947194 -1.8225212064187877 -3.6018867893814233 -0.70912700857383659 -1.203326505706424 -1.7193652425493515 -2.6013526535034184 -3.1841094385793878 -2.8812778489343054 -3.5140903035242239 -3.7016751006876181
leaf_weight=4082 2738 4340 3776 373 320 2675 2911 190 2004 415 4197 1481 4656 179 4267 2500 794 3732 549 384 347 737 83 21 21 20 1156 1102 998 1347
leaf_count=4082 2738 4340 3776 373 320 2675 2911 190 2004 415 4197 1481 4656 179 4267 2500 794 3732 549 384 347 737 83 21 21 20 1156 1102 998 1347
internal_value=-2.37205e-09 0.936935 0.342044 2.04837 -3.3016 1.83782 -0.177872 3.78829 0.797667 -3.50872 1.60028 2.32575 0.591372 5.20065 0.0847147 -0.537713 3.34171 1.10092 -1.74615 -3.08161 -1.52063 -3.69098 -1.32068 -2.36849 -2.44025 -1.86496 -3.22944 -2.92532 -3.55138 -3.73559
internal_weight=52395 40813 26584 14229 11582 12693 12416 1536 14168 10221 8537 4156 8432 369 7178 5238 1167 5736 1361 3057 999 7164 632 362 341 367 1571 1486 1735 5429
internal_count=52395 40813 26584 14229 11582 12693 12416 1536 14168 10221 8537 4156 8432 369 7178 5238 1167 5736 1361 3057 999 7164 632 362 341 367 1571 1486 1735 5429
is_linear=0
shrinkage=0.1


Tree=9
num_leaves=31
num_cat=0
split_feature=19 4 4 19 4 4 20 4 20 29 4 21 16 21 16 19 20 21 16 16 4 4 7 16 9 17 19 16 20 1
split_gain=1.31303e+07 2.20301e+06 604400 286989 270442 206350 119269 64485.3 58308.8 44002.6 37471.7 28745.8 27874.6 23477.4 17658.7 13993.3 12287.5 11290.5 7831.25 5879.78 4881.33 4607.07 3928.72 3661.12 2227.81 986.685 835.711 478.401 391.79 275.105
threshold=59.169566666666988 106.95950000000001 139.67910000000003 21.950440087145974 84.436900000000009 170.94650000000004 121.031550462963 10.315200000000003 95.821850000000026 232.73860000000005 71.597200000000001 150.17228247354501 865.5200000000001 136.20865310846565 777.83460000000014 44.784910684931511 84.553816666666691 83.537855555555566 707.80340000000012 614.31299999999999 3.8014000000000006 18.95568888888889 44.826510684931513 483.27530000000007 83.705400000000012 433.12006986301373 13.419933333333338 41.428059892086331 7.7624888888888899 2.5000000000000004
decision_type=2 2 2 2 2 2 2 2 2 2 2 2 2 2 2 2 2 2 2 2 2 2 2 2 2 2 2 2 2 2
left_child=3 4 6 7 10 11 12 20 16 -7 18 -4 -3 -8 -10 23 -6 -12 -2 22 27 26 -17 25 -21 -5 -9 -1 -22 -23
right_child=1 2 5 15 8 9 13 21 14 -11 17 -13 -14 -15 -16 19 -18 -19 -20 24 28 29 -24 -25 -26 -27 -28 -29 -30 -31
leaf_value=-3.366476261785488 -0.75735990598288216 0.82521539064484151 2.0798692205911706 -2.2669220055951631 -0.1301565109187133 3.5236674201582114 1.4686165750696167 -2.9333787253902401 0.43223076646716846 5.2032441294923117 -0.38599177373909632 2.7312536939188519 1.1882567922827503 1.8842804739588315 0.74496130457952958 -1.6810707677437806 0.22033367137129131 -0.091452407354613352 0.27577515961969956 0.30078109560741323 -3.1784602182761006 -2.5264421014082039 -1.2565472665099289 -1.1685601171498237 -1.0917062196135523 -1.7548263937927957 -2.7937647864192181 -3.277952635202229 -3.041807950592041 -2.6307246989935216
leaf_weight=5127 2120 3928 2978 301 1301 764 5286 761 4195 196 2447 877 4582 1829 3170 383 4327 2780 76 27 1305 393 506 38 20 43 982 693 250 710
leaf_count=5127 2120 3928 2978 301 1301 764 5286 761 4195 196 2447 877 4582 1829 3170 383 4327 2780 76 27 1305 393 506 38 20 43 982 693 250 710
internal_value=2.61485e-09 0.841295 1.57517 -2.97876 0.106553 2.55474 1.27331 -3.15785 0.381651 3.86658 -0.37497 2.22806 1.02069 1.57547 0.566834 -1.58997 0.139312 -0.22934 -0.721605 -1.38181 -3.31388 -2.75351 -1.43944 -2.10002 -0.291767 -2.20291 -2.85472 -3.35594 -3.15649 -2.59357
internal_weight=52395 40856 20440 11539 20416 4815 15625 10221 12993 960 7423 3855 8510 7115 7365 1318 5628 5227 2196 936 7375 2846 889 382 47 344 1743 5820 1555 1103
internal_count=52395 40856 20440 11539 20416 4815 15625 10221 12993 960 7423 3855 8510 7115 7365 1318 5628 5227 2196 936 7375 2846 889 382 47 344 1743 5820 1555 1103
is_linear=0
shrinkage=0.1


Tree=10
num_leaves=31
num_cat=0
split_feature=20 4 19 19 4 4 19 16 4 4 16 20 20 20 16 16 16 4 4 19 20 16 18 5 2 17 11 13 19 6
split_gain=1.06391e+07 1.801e+06 425475 347131 229058 83406.7 83399.7 68216.5 67677.1 52201.6 25296 19462.3 18816.3 18636.9 16242.1 16216.1 15526.9 13341.8 10796.6 4626.1 4338.54 3033.21 2061.05 1821.31 705.535 568.935 521.661 517.887 303.074 165.43
threshold=60.487066666666685 117.6332 92.79093333333357 153.37660952380955 21.967824463118585 193.75820000000002 133.89947619047641 585.25540000000012 103.06290000000001 8.3818714285714311 1021.0303250000001 107.98434074074076 81.801066666666685 170.15890000000002 1138.5712777777781 720.9294000000001 1456.001047619048 68.391700000000014 31.378433027522942 15.335733333333339 53.138600000000004 52.176481250000009 614.2899000000001 44.826510684931513 8.5000000000000018 172.72580000000002 895.60327731092457 57.305555555555557 4.9655471447543169 0.66670000000000018
decision_type=2 2 2 2 2 2 2 2 2 2 2 2 2 2 2 2 2 2 2 2 2 2 2 2 2 2 2 2 2 2
left_child=4 2 7 6 9 13 10 17 15 21 -3 -10 -9 -5 -8 -4 -7 -2 24 25 22 29 -20 -22 27 -11 -21 -6 -23 -1
right_child=1 3 8 5 18 16 14 12 11 19 -12 -13 -14 -15 -16 -17 -18 -19 20 26 23 28 -24 -25 -26 -27 -28 -29 -30 -31
leaf_value=-3.045849945237499 -0.80679484041976635 1.1660971762761205 0.20060933043583737 2.3760131615137392 -2.4275336859555079 3.3324769672446366 1.7018446517840127 -0.26451780236427802 0.62284675136839462 -2.6042359440736096 1.5570799627562275 0.93479338202073581 0.085062017820028146 3.1584941729221003 2.131916113516513 0.51429455035251725 4.6866863994851826 -0.40503500986070345 -1.4106301191271988 -2.3342419244138841 -0.090558854937553404 -2.9379796918895509 -2.3956957643682304 -1.0705686746724969 -1.4394341170787812 -2.9183278814951579 -2.4678597958243671 -1.9792021408741609 -2.8502971000152173 -3.0106438756073324
leaf_weight=2526 1195 5704 2793 1142 29 127 3015 2144 3325 1485 2331 5019 5463 415 1239 4020 254 2681 615 1099 20 576 22 366 22 60 398 231 1249 2830
leaf_count=2526 1195 5704 2793 1142 29 127 3015 2144 3325 1485 2331 5019 5463 415 1239 4020 254 2681 615 1099 20 576 22 366 22 60 398 231 1249 2830
internal_value=4.49618e-09 0.756829 0.271697 1.66524 -2.68297 2.90909 1.46908 -0.187447 0.619546 -2.84223 1.27952 0.810486 -0.0134655 2.58457 1.82711 0.385699 4.23528 -0.528901 -1.43536 -2.49505 -1.28434 -2.98931 -1.44465 -1.01979 -1.9832 -2.61643 -2.36977 -2.02921 -2.87797 -3.02725
internal_weight=52395 40867 26640 14227 11528 1938 12289 11483 15157 10223 8035 8344 7607 1557 4254 6813 381 3876 1305 3042 1023 7181 637 386 282 1545 1497 260 1825 5356
internal_count=52395 40867 26640 14227 11528 1938 12289 11483 15157 10223 8035 8344 7607 1557 4254 6813 381 3876 1305 3042 1023 7181 637 386 282 1545 1497 260 1825 5356
is_linear=0
shrinkage=0.1


Tree=11
num_leaves=31
num_cat=0
split_feature=4 19 4 4 19 19 19 27 4 16 4 16 26 16 16 21 20 21 16 19 18 16 21 4 15 16 4 5 4 4
split_gain=8.62375e+06 1.4445e+06 325884 286610 237589 73691.6 66083.4 64387.9 42443.8 40574.8 25334 23590.1 17232.7 15527.8 14190.4 13736.9 12578.2 12291.3 7402.39 4989.43 4048.17 3702.36 3196.29 3049.39 837.507 653.739 409.018 352.58 311.676 255.634
threshold=60.713733333333344 117.48753333333363 94.836900000000014 158.32276666666669 21.950440087145974 135.55187222222239 82.996833333333441 198.15174285714289 10.315200000000003 826.68883333333349 121.8350888888889 1366.5122000000003 83.971900000000019 656.07477777777797 536.42180000000008 139.82548654100529 99.192083333333343 44.805542054794515 1366.5122000000003 76.160833333333457 790.48670000000016 431.46600000000007 3.7295096491228068 15.4869 46.905555555555559 326.17710000000005 19.767724163027662 11.728600000000002 5.5569703751617077 1.3286748299319731
decision_type=2 2 2 2 2 2 2 2 2 2 2 2 2 2 2 2 2 2 2 2 2 2 2 2 2 2 2 2 2 2
left_child=4 2 6 5 8 10 14 18 22 12 -3 -9 -4 -8 -2 -7 -11 21 -5 20 -19 25 29 27 -23 -6 -25 -10 -24 -1
right_child=1 3 9 7 17 15 13 11 23 16 -12 -13 -14 -15 -16 -17 -18 19 -20 -21 -22 24 28 26 -26 -27 -28 -29 -30 -31
leaf_value=-2.7278549208052389 -0.63032049293028447 0.94339062089770498 0.26814041947915163 2.0454599051689852 -2.1619322776794436 1.5264928956348884 -0.078414406050039409 2.7314981528185309 -2.4535436694686479 0.4347052540004705 1.3010858671906718 3.9131326884870798 0.57388204012003496 0.21876012723483829 -0.26744785762057172 1.8996239821475083 0.85609565288516254 -0.9651871169408649 2.6651844587148164 0.44138998693476128 -1.8843914031982423 -0.79831064481001635 -2.5848417092549738 -2.1630779883078541 -1.3854675924455799 -1.7513419160476098 -2.04529672316563 -2.3157452172014685 -2.4795218326919262 -2.6640114934623993
leaf_weight=5006 1440 3139 3176 762 46 2267 2999 280 222 825 5363 426 4394 4250 4283 1747 5010 791 258 24 51 26 1293 1084 370 247 405 1135 359 717
leaf_count=5006 1440 3139 3176 762 46 2267 2999 280 222 825 5363 426 4394 4250 4283 1747 5010 791 258 24 51 26 1293 1084 370 247 405 1135 359 717
internal_value=1.16574e-09 0.690776 0.252582 1.50234 -2.3827 1.33575 -0.104731 2.71035 -2.5579 0.598353 1.16902 3.4445 0.445608 0.0958154 -0.358753 1.68889 0.796516 -1.23111 2.20221 -0.980339 -1.02086 -1.54631 -2.68449 -2.22986 -1.34692 -1.8158 -2.13104 -2.33829 -2.56195 -2.71986
internal_weight=52395 40619 26377 14242 11776 12516 12972 1726 10221 13405 8502 706 7570 7249 5723 4014 5835 1555 1020 866 842 689 7375 2846 396 293 1489 1357 1652 5723
internal_count=52395 40619 26377 14242 11776 12516 12972 1726 10221 13405 8502 706 7570 7249 5723 4014 5835 1555 1020 866 842 689 7375 2846 396 293 1489 1357 1652 5723
is_linear=0
shrinkage=0.1


Tree=12
num_leaves=31
num_cat=0
split_feature=16 20 4 16 19 4 20 26 4 19 16 16 16 16 21 20 4 26 4 4 26 16 8 18 21 4 17 4 19 6
split_gain=6.98935e+06 1.19784e+06 281630 211716 155450 78313.8 70773.8 43080.3 38364.5 34410.9 21154 18484.7 14940.6 13303.2 11983.6 11557.3 10709.1 8992.47 8800.87 3097.15 2391.58 1962.94 1920.23 1634.67 605.449 454.972 397.244 370.255 173.824 125.377
threshold=470.7059000000001 112.84033333333335 151.21920000000003 682.06500000000017 21.950440087145974 125.3466142857143 176.6216986772487 69.427700000000016 104.6632 8.1319857142857206 1456.001047619048 1058.721977777778 1188.2941333333335 848.9268666666668 83.973380324074085 97.370453703703717 75.25500000000001 40.130400000000009 86.260000000000005 15.4869 50.722350000000013 52.176481250000009 82.975100000000012 617.30670000000021 65.697225000000017 11.728600000000002 431.46600000000007 18.95568888888889 4.9734138114209863 0.64590000000000014
decision_type=2 2 2 2 2 2 2 2 2 2 2 2 2 2 2 2 2 2 2 2 2 2 2 2 2 2 2 2 2 2
left_child=4 3 5 7 9 13 12 16 14 21 -8 -7 -4 -3 -5 -10 -2 22 -9 25 26 29 23 -6 -22 -11 -19 -21 -23 -1
right_child=1 2 6 8 17 11 10 18 15 19 -12 -13 -14 -15 -16 -17 -18 20 -20 27 24 28 -24 -25 -26 -27 -28 -29 -30 -31
leaf_value=-2.469834297586031 -0.56317032147438739 0.66962550140480182 1.6572436999338347 -0.069510598256521727 -1.5936584588554172 1.1981500506494662 2.6547480431430301 -0.12323221113508165 0.27334875374710255 -2.2090176379623045 3.8969504897869549 1.5283621183030278 2.214261264513103 0.95472123812291287 0.31703346700851054 0.67059702561690793 -0.24427029094594399 -1.0025760502593988 0.12119062267391129 -2.0021636066337427 -0.93757976024758583 -2.3661574689750995 -0.74012234830856327 -2.5252100861072542 -0.69016782310791314 -2.0868201249806884 -1.1849791313211122 -1.888137750270795 -2.3039533112396549 -2.438961013700442
leaf_weight=2331 2455 2519 896 907 324 4587 290 3197 860 414 260 2689 1041 4673 6930 4935 1844 165 2732 384 204 819 25 20 192 1154 432 1102 995 3019
leaf_count=2331 2455 2519 896 907 324 4587 290 3197 860 414 260 2689 1041 4673 6930 4935 1844 165 2732 384 204 819 25 20 192 1154 432 1102 995 3019
internal_value=5.0435e-09 0.615202 1.25785 0.158532 -2.16835 1.08888 2.24086 -0.185364 0.416555 -2.30211 3.24197 1.32019 1.9566 0.854866 0.272298 0.611644 -0.426382 -1.16481 -0.0106056 -2.02105 -1.00817 -2.42193 -1.58632 -1.64782 -0.817622 -2.11908 -1.13457 -1.9176 -2.33204 -2.45241
internal_weight=52395 40815 16955 23860 11580 14468 2487 10228 13632 10218 550 7276 1937 7192 7837 5795 4299 1362 5929 3054 993 7164 369 344 396 1568 597 1486 1814 5350
internal_count=52395 40815 16955 23860 11580 14468 2487 10228 13632 10218 550 7276 1937 7192 7837 5795 4299 1362 5929 3054 993 7164 369 344 396 1568 597 1486 1814 5350
is_linear=0
shrinkage=0.1


Tree=13
num_leaves=31
num_cat=0
split_feature=20 20 4 4 4 29 4 4 4 16 16 4 21 21 21 16 26 2 16 18 16 7 4 19 7 18 18 16 26 24
split_gain=5.66778e+06 928341 214935 202053 170419 60116.7 55416.7 37523.9 27777.5 23234.1 21841.2 14742.2 10691.5 10595.2 9903.08 9696.95 8800.28 8279.61 5861.72 4651.93 4897.83 2419.23 2109.57 1997.05 767.259 311.152 242.399 214.399 182.578 83.5854
threshold=66.213035416666671 114.38311111111112 151.21920000000003 21.967824463118585 94.836900000000014 202.87560000000005 130.67974285714288 79.993500000000026 10.315200000000003 821.42530000000022 1366.5122000000003 117.6332 144.72848240740743 44.805542054794515 94.692633333333347 1188.2941333333335 83.319000000000017 8.5000000000000018 530.13110000000017 772.56383333333349 546.47410000000013 44.617910684931509 3.8014000000000006 15.335733333333339 12.434400000000002 99.591185152838463 172.72580000000002 41.428059892086331 5.5587703751617079 10.518983803486393
decision_type=2 2 2 2 2 2 2 2 2 2 2 2 2 2 2 2 2 2 2 2 2 2 2 2 2 2 2 2 2 2
left_child=3 4 6 8 7 15 11 18 22 16 -7 -3 -8 21 -9 -4 -6 -11 -2 20 -15 24 27 26 -5 -25 -10 -1 -24 -23
right_child=1 2 5 13 9 10 12 14 23 17 -12 -13 -14 19 -16 -17 -18 -19 -20 -21 -22 29 28 25 -26 -27 -28 -29 -30 -31
leaf_value=-2.2093109973532101 -0.49721792029125889 0.69623102042538654 1.4230626260494621 -0.8920344360496687 0.20108845021505395 2.185956731322825 1.1973674358408246 -0.032983096943824529 -1.8873175949337839 0.78624253022026802 3.2291973745281051 0.96423866460503338 1.5838923449070565 -0.84844567485764044 0.19735913446337777 1.9044127864153575 0.43257443698794201 0.52012082496234335 -0.23581289319349683 -2.0865940126088951 -0.36461136177127818 -1.0891367209127971 -2.0845542405799584 -1.8251537379933827 -1.4906504858116951 -1.706251246002779 -2.1233766100141738 -2.1500491924272125 -1.9834826478680361 -0.87894425392150888
leaf_weight=5127 1125 3704 794 23 2928 386 4338 4668 1305 1809 418 4603 857 885 3110 885 3740 3305 3612 26 274 350 1350 268 310 1231 45 693 206 20
leaf_count=5127 1125 3704 794 23 2928 386 4338 4668 1305 1809 418 4603 857 885 3110 885 3740 3305 3612 26 274 350 1350 268 310 1231 45 693 206 20
internal_value=6.51409e-10 0.570337 1.1622 -1.89667 0.180953 2.01728 1.00495 -0.0760131 -2.07217 0.453907 2.72834 0.844737 1.26113 -0.946199 0.0591183 1.67678 0.330926 0.614257 -0.297895 -0.763738 -0.734062 -1.25376 -2.1746 -1.80696 -1.4493 -1.72751 -1.89519 -2.20225 -2.07117 -1.07777
internal_weight=52395 40282 15985 12113 24297 2483 13502 12515 10225 11782 804 8307 5195 1888 7778 1679 6668 5114 4737 1185 1159 703 7376 2849 333 1499 1350 5820 1556 370
internal_count=52395 40282 15985 12113 24297 2483 13502 12515 10225 11782 804 8307 5195 1888 7778 1679 6668 5114 4737 1185 1159 703 7376 2849 333 1499 1350 5820 1556 370
is_linear=0
shrinkage=0.1


Tree=14
num_leaves=31
num_cat=0
split_feature=20 19 20 4 16 21 20 16 4 4 16 26 26 4 16 20 22 2 18 23 16 5 16 18 21 5 11 18 4 4
split_gain=4.5909e+06 756846 163864 163663 160112 55774.1 32880.6 30773.2 30046.9 22499.8 21671.2 14977.9 12371.1 11573.9 9612.64 8627.2 6827.59 5618.45 5100.5 3354.5 2989.86 2851.48 2671.22 2373.28 1719.35 1648.99 377.988 284.967 183.575 158.693
threshold=66.213035416666671 117.48753333333363 95.821850000000026 21.967824463118585 1271.1114750000002 135.60873389550267 203.37161666666665 668.67230000000006 104.6632 10.315200000000003 996.17510000000004 138.28865208333337 65.157600000000016 170.94650000000004 863.01552222222233 53.138600000000004 82.541438095238121 9.5000000000000018 1456.001047619048 24.637767406280378 546.47410000000013 44.617910684931509 570.86950000000013 602.15870000000007 3.7295096491228068 14.670400000000003 895.60327731092457 172.72580000000002 5.5569703751617077 0.82830000000000015
decision_type=2 2 2 2 2 2 2 2 2 2 2 2 2 2 2 2 2 2 2 2 2 2 2 2 2 2 2 2 2 2
left_child=3 2 7 9 5 10 13 12 17 24 -3 -7 -2 -6 -10 21 -9 -4 -8 20 -17 23 -23 -5 29 27 -27 -11 -26 -1
right_child=1 4 8 15 6 11 18 16 14 25 -12 -13 -14 -15 -16 19 -18 -19 -20 -21 -22 22 -24 -25 28 26 -28 -29 -30 -31
leaf_value=-1.994232399425053 -0.38911774317254338 0.71981554618370047 0.34038995072847789 -1.2266790793934887 1.6695815971064336 1.2368945522167654 2.0643990259904128 -0.094319547093413975 0.46651659808169699 -1.7069055161219411 1.037667232845809 1.8859442965359774 -0.11070743422392793 2.2742446638786329 0.69958231538107096 -0.71889124216918143 0.1985901915810504 0.13994106449879032 3.5815552602608998 -1.8118600556316478 -0.31221115840311497 -0.97375884591965445 0.12727630864018979 -2.3469624423980711 -1.884859775538791 -1.5287779960931684 -1.6297761135273152 -1.9608040934023649 -1.8040379258583514 -1.9582043674975467
leaf_weight=3953 2237 5347 4422 347 819 3405 26 1019 3808 1133 3582 397 5570 516 3306 706 3633 2045 150 24 243 525 23 20 1294 1115 555 46 359 1770
leaf_count=3953 2237 5347 4422 347 819 3405 26 1019 3808 1133 3582 397 5570 516 3306 706 3633 2045 150 24 243 525 23 20 1294 1115 555 46 359 1770
internal_value=-1.16104e-09 0.513304 0.192741 -1.707 1.09942 0.983907 2.07267 -0.0691653 0.433009 -1.86495 0.847326 1.30467 -0.190482 1.90329 0.574826 -0.85158 0.13443 0.277004 3.35743 -0.644285 -0.614757 -1.07201 -0.927548 -1.28773 -1.95714 -1.62627 -1.56234 -1.71681 -1.86731 -1.98309
internal_weight=52395 40282 26040 12113 14242 12731 1511 12459 13581 10225 8929 3802 7807 1335 7114 1888 4652 6467 176 973 949 915 548 367 7376 2849 1670 1179 1653 5723
internal_count=52395 40282 26040 12113 14242 12731 1511 12459 13581 10225 8929 3802 7807 1335 7114 1888 4652 6467 176 973 949 915 548 367 7376 2849 1670 1179 1653 5723
is_linear=0
shrinkage=0.1


Tree=15
num_leaves=31
num_cat=0
split_feature=16 20 16 4 6 20 26 4 4 16 4 16 4 26 26 7 21 16 26 4 4 6 27 2 26 5 0 23 22 16
split_gain=3.72073e+06 624794 134445 130905 117790 43647.4 38215.8 27491.4 23512.3 19738.1 13347.4 11686.8 11236.4 8363.1 6378.27 6340.53 5822.83 5694.4 2642.56 2212.18 1798.1 1145.73 1754.71 1096.4 863.821 680.869 592.934 539.685 249.041 183.805
threshold=492.36980000000005 116.30387592592594 1165.075 94.836900000000014 44.617910684931509 170.15890000000002 112.34740000000001 80.437900000000027 11.728600000000002 865.5200000000001 210.27833333333336 909.31230000000016 140.43695000000002 79.497288888888889 55.213900000000002 67.576900000000009 100.66668240740741 1366.5122000000003 50.722350000000013 19.767724163027662 4.96008047808765 72.272900000000007 80.04040000000002 9.5000000000000018 3.5848385964912284 14.670400000000003 19.500000000000004 6.7783569645960826 7.3470493055555561 41.428059892086331
decision_type=2 2 2 2 2 2 2 2 2 2 2 2 2 2 2 2 2 2 2 2 2 2 2 2 2 2 2 2 2 2
left_child=4 3 6 7 8 17 11 15 20 13 -7 -3 -8 -5 -9 -2 -11 -4 21 25 29 22 -6 26 -21 -10 -20 -25 -22 -1
right_child=1 2 5 9 18 10 12 14 19 16 -12 -13 -14 -15 -16 -17 -18 -19 23 24 28 -23 -24 27 -26 -27 -28 -29 -30 -31
leaf_value=-1.7898780262768967 -0.50291750445475458 0.54686942932561311 1.2954882528315603 0.14514608762165657 -0.82367828326016856 2.0478787864166264 0.95716901083885719 -0.71571716589061118 -1.5373480416894929 0.35538216867491662 3.075211574145726 0.79801305700135661 1.3019893443662165 0.36098162714572324 0.061812774726988699 -0.20010151546010568 0.63402179930285918 1.6756814700675151 -0.40524624813692411 -0.6263883429765702 -1.6880540073520007 -0.088504833579063413 -1.6619227285568532 -0.59049698137411422 -1.2927920724844564 -1.4265682998974369 -0.76079017205370802 -0.85257791289709572 -1.599984019127759 -1.7386993686981307
leaf_weight=5128 827 3110 1635 2505 632 456 2952 107 984 992 175 4584 1390 6336 7546 4219 3074 519 357 20 1188 20 26 192 709 1272 54 133 440 813
leaf_count=5128 827 3110 1635 2505 632 456 2952 107 984 992 175 4584 1390 6336 7546 4219 3074 519 357 20 1188 20 26 192 709 1272 54 133 440 813
internal_value=2.13275e-09 0.458505 0.975237 0.159416 -1.5488 1.60136 0.830358 -0.0685317 -1.66363 0.38369 2.3328 0.696498 1.06756 0.299827 0.0509418 -0.249731 0.566041 1.38709 -0.691703 -1.42595 -1.75736 -0.834137 -0.8568 -0.560494 -1.27451 -1.47489 -0.45196 -0.697749 -1.66425 -1.78287
internal_weight=52395 40427 14821 25606 11968 2785 12036 12699 10554 12907 631 7694 4342 8841 7653 5046 4066 2154 1414 2985 7569 678 658 736 729 2256 411 325 1628 5941
internal_count=52395 40427 14821 25606 11968 2785 12036 12699 10554 12907 631 7694 4342 8841 7653 5046 4066 2154 1414 2985 7569 678 658 736 729 2256 411 325 1628 5941
is_linear=0
shrinkage=0.1


Tree=16
num_leaves=31
num_cat=0
split_feature=6 4 16 4 4 21 26 21 29 16 4 4 26 16 2 16 6 2 7 8 22 4 26 23 7 23 9 19 7 7
split_gain=3.01553e+06 520085 112569 110818 80510.6 47613.7 26324.5 17561.3 15291.2 15169.7 14771.5 12713.7 9646.27 7890.99 7504.98 6375.9 6013.54 5676.07 4560.37 3065.53 2822.01 1418.5 1409.27 1698.83 966.831 221.364 213.038 190.358 176.906 152.737
threshold=60.713733333333344 116.27230000000002 700.0544000000001 170.94650000000004 21.967824463118585 129.96853968253973 69.427700000000016 103.986825 232.73860000000005 1021.0303250000001 11.728600000000002 140.43695000000002 98.333300000000023 1165.075 9.5000000000000018 1518.4597428571431 119.10660000000003 8.5000000000000018 44.826510684931513 114.83510000000001 84.29088333333334 4.96008047808765 31.564233027522942 19.188604885696204 16.804000000000006 5.8775487688717938 55.500600000000013 19.766071081999041 8.3818714285714311 1.7536000000000003
decision_type=2 2 2 2 2 2 2 2 2 2 2 2 2 2 2 2 2 2 2 2 2 2 2 2 2 2 2 2 2 2
left_child=4 2 6 5 10 9 17 14 16 -3 21 -7 -8 -9 -4 -10 -5 -2 22 20 -20 29 23 -6 25 -12 -24 -26 -23 -1
right_child=1 3 7 8 18 11 12 13 15 -11 24 -13 -14 -15 -16 -17 -18 -19 19 -21 -22 28 26 -25 27 -27 -28 -29 -30 -31
leaf_value=-1.6106862902135977 -0.11389872537557055 0.56296276648011423 0.29732870149871021 0.0023781234025955205 -1.1138882396501655 0.89035246619588626 0.0025925361688597963 0.41682207577114838 2.0095422543679611 0.85872589284396017 -1.3718665436769693 1.188649191232908 0.73608199559638043 1.4476069862314811 0.078426174916127411 3.1723080048194299 1.7595340007372824 -0.36355289176490474 -0.55113699177411313 0.64578194081783291 -1.2289525877183944 -1.5177407792347686 -0.80129430218890618 -0.16553022086620331 -1.2707874620585464 -1.0446515707742601 -0.46570054054260251 -1.1867557631893308 -1.4405147012686119 -1.5624362554039049
leaf_weight=5190 1293 5799 3609 20 340 3147 7014 7598 79 2474 1335 2617 184 75 2767 117 744 3080 738 20 67 1239 349 20 916 21 20 382 390 751
leaf_count=5190 1293 5799 3609 20 340 3147 7014 7598 79 2474 1335 2617 184 75 2767 117 744 3080 738 20 67 1239 349 20 916 21 20 382 390 751
internal_value=-3.54064e-10 0.408525 0.134749 0.876228 -1.40882 0.805139 -0.0962225 0.32498 1.91568 0.651409 -1.51075 1.02579 0.0213425 0.426898 0.202331 2.70364 1.71354 -0.289736 -0.738199 -0.577168 -0.607551 -1.58192 -0.920437 -1.0612 -1.30775 -1.3668 -0.783105 -1.24606 -1.49925 -1.60459
internal_weight=52395 40617 25620 14997 11778 14037 11571 14049 960 8273 10224 5764 7198 7673 6376 196 764 4373 1554 825 805 7570 729 360 2654 1356 369 1298 1629 5941
internal_count=52395 40617 25620 14997 11778 14037 11571 14049 960 8273 10224 5764 7198 7673 6376 196 764 4373 1554 825 805 7570 729 360 2654 1356 369 1298 1629 5941
is_linear=0
shrinkage=0.1


Tree=17
num_leaves=31
num_cat=0
split_feature=16 4 20 16 19 21 16 20 16 19 16 2 26 2 21 2 28 26 10 15 2 4 8 6 28 14 4 4 20 4
split_gain=2.44644e+06 415043 100130 84941 75409.4 30618.3 20770.1 19304.1 14302.8 11930.9 10538.5 9403.84 7615.21 7378.45 6253.15 4869.59 4498.14 4134.41 3340.38 1843.97 1541.86 1183.21 948.542 728.766 550.504 297.533 174.547 141.278 82.8987 68.626
threshold=492.36980000000005 118.70410000000001 93.712920833333342 1271.1114750000002 21.950440087145974 138.20870790343918 777.83460000000014 176.6216986772487 608.13420000000008 8.1319857142857206 1021.0303250000001 9.5000000000000018 138.28865208333337 8.5000000000000018 79.177083333333343 9.5000000000000018 44.942310684931506 100.87220000000001 433.02111111111111 31.025847953216381 9.5000000000000018 14.670400000000003 74.172600000000003 2.2244000000000006 67.189000000000007 28.690000000000001 18.95568888888889 12.434400000000002 0.44284166666666674 4.9674804780876505
decision_type=2 2 2 2 2 2 2 2 2 2 2 2 2 2 2 2 2 2 2 2 2 2 2 2 2 2 2 2 2 2
left_child=4 2 8 5 9 10 17 18 15 23 -3 -8 -7 -9 -10 -2 19 -4 -5 -6 -21 27 25 28 -24 -18 -23 -11 -1 -25
right_child=1 3 6 7 16 12 11 13 14 21 -12 -13 -14 -15 -16 -17 22 -19 -20 20 -22 26 24 29 -26 -27 -28 -29 -30 -31
leaf_value=-1.4925085951050425 -0.15483019221898708 0.5619022885371957 0.15318955707369886 1.067908596935699 -1.7532726969747316 0.94862441521623675 0.49168571492850133 2.5843132495880128 -0.19776720307034876 -1.2989837818522822 0.78547031455374539 0.28144350059655782 1.4191236892769934 1.7425078160208671 0.052625351750522437 -0.38196540299223569 -0.73310214662551887 0.46507637160258342 1.4343899502568804 -0.83807682377957493 -0.21449236245382403 -1.1824718513629502 -0.32565745658445344 -1.3958711021680099 -0.82388367087890713 -0.54581642311352951 -1.1145436251877441 -1.2345049947036981 -1.4448214930783769 -1.355909686639142
leaf_weight=393 3127 5874 6258 387 21 2577 5316 180 1218 607 3289 3547 397 247 5506 1352 100 456 696 709 42 576 292 780 24 559 1102 772 5034 957
leaf_count=393 3127 5874 6258 387 21 2577 5316 180 1218 607 3289 3547 397 247 5506 1352 100 456 696 709 42 576 292 780 24 559 1102 772 5034 957
internal_value=1.43226e-09 0.37179 0.143059 0.820636 -1.25588 0.732638 0.307043 1.52794 -0.0849501 -1.35965 0.642151 0.407546 1.01143 2.09737 0.0072687 -0.223392 -0.648718 0.174372 1.30343 -0.829046 -0.803203 -1.19426 -0.505935 -1.43023 -0.363497 -0.574236 -1.13786 -1.26289 -1.44827 -1.37385
internal_weight=52395 40427 26780 13647 11968 12137 15577 1510 11203 10221 9163 8863 2974 427 6724 4479 1747 6714 1083 772 751 3057 975 7164 316 659 1678 1379 5427 1737
internal_count=52395 40427 26780 13647 11968 12137 15577 1510 11203 10221 9163 8863 2974 427 6724 4479 1747 6714 1083 772 751 3057 975 7164 316 659 1678 1379 5427 1737
is_linear=0
shrinkage=0.1


Tree=18
num_leaves=30
num_cat=0
split_feature=20 20 4 20 16 4 4 4 4 4 2 26 16 15 26 16 20 2 28 23 8 18 23 6 4 12 24 4 27
split_gain=1.98243e+06 332820 78194.3 75423.8 67611.8 30920.2 16022.8 14649.3 10654.6 9618.28 8663.64 8351.89 8334.46 7591.61 5113.92 5005.22 4022.76 3896.78 3063.31 2353.51 2003.12 1619.98 2428.91 767.772 760.718 237.247 134.001 115.962 74.8201
threshold=67.794616666666684 116.30387592592594 21.967824463118585 158.42256190476192 723.23010000000011 136.78270000000003 80.437900000000027 210.27833333333336 104.6632 10.315200000000003 9.5000000000000018 105.72100000000002 1271.1114750000002 71.90555555555558 79.497288888888889 942.03098571428575 53.138600000000004 10.500000000000002 57.397300000000008 24.637767406280378 44.826510684931513 614.2899000000001 17.294603886293903 2.2244000000000006 14.670400000000003 559.49750000000006 6.5539134482474433 5.5569703751617077 0.57458219424460444
decision_type=2 2 2 2 2 2 2 2 2 2 2 2 2 2 2 2 2 2 2 2 2 2 2 2 2 2 2 2 2
left_child=2 4 9 5 6 11 18 17 10 23 -6 -3 -7 -9 -8 -10 21 -5 -2 20 -18 22 -4 28 26 -26 -11 -25 -1
right_child=1 3 16 7 8 12 14 13 15 24 -12 -13 -14 -15 -16 -17 19 -19 -20 -21 -22 -23 -24 27 25 -27 -28 -29 -30
leaf_value=-1.3187354789074557 -0.41100596786289112 0.44121542692279542 -0.7147494112412931 1.1170194375549209 0.29733904837955277 0.80934555777340644 -0.030077160899757739 1.9819402131367647 0.31702537189138003 -1.1253275606534623 0.049408378253066938 0.63311787636696704 1.2120332677516246 3.7216875898838042 0.13079639702958853 0.51386946550475165 0.33880122440201899 1.4861619304239415 -0.16405854169195147 -1.3182626399500617 -0.42961525113040927 -1.4717418502878261 0.24847754836082458 -1.2421169696513963 -0.71897759379353376 -1.0293504721732532 -1.3864170575141908 -1.179685600663795 -1.2944483394510442
leaf_weight=2025 576 4368 861 566 2984 3815 4538 153 5369 1148 2671 4717 594 30 3500 1701 35 578 3927 29 1104 27 27 1590 25 1656 20 366 3395
leaf_count=2025 576 4368 861 566 2984 3815 4538 153 5369 1148 2671 4717 594 30 3500 1701 35 578 3927 29 1104 27 27 1590 25 1656 20 366 3395
internal_value=-5.40254e-10 0.340836 -1.1101 0.717048 0.120151 0.646306 -0.0446296 1.43641 0.282549 -1.22386 0.180235 0.540853 0.863597 2.26714 0.0399723 0.364385 -0.551653 1.30353 -0.195647 -0.428653 -0.406003 -0.708664 -0.685462 -1.28414 -1.06781 -1.02473 -1.1298 -1.23044 -1.30352
internal_weight=52395 40087 12308 14821 25266 13494 12541 1327 12725 10225 5655 9085 4409 183 8038 7070 2083 1144 4503 1168 1139 915 888 7376 2849 1681 1168 1956 5420
internal_count=52395 40087 12308 14821 25266 13494 12541 1327 12725 10225 5655 9085 4409 183 8038 7070 2083 1144 4503 1168 1139 915 888 7376 2849 1681 1168 1956 5420
is_linear=0
shrinkage=0.1


Tree=19
num_leaves=30
num_cat=0
split_feature=16 20 4 4 6 4 16 16 4 22 2 16 16 13 10 7 14 28 8 18 27 25 4 4 26 23 19 26 4
split_gain=1.60785e+06 277252 74534.3 54633.6 49318.4 19213.6 16759.4 10780.1 9846.9 9353.64 8177 6183.19 5922.41 5879.87 5670.85 5182 3720.79 3344.46 1398.09 2143.33 1224.02 1554.36 899.915 793.017 684.137 410.253 171.883 121.157 100.244
threshold=492.36980000000005 120.67665000000001 98.203200000000024 170.94650000000004 44.617910684931509 136.14420000000004 608.13420000000008 848.9268666666668 11.728600000000002 168.37608043981484 9.5000000000000018 1366.5122000000003 1069.0960000000002 12.263333333333335 450.5266666666667 72.272900000000007 69.75500000000001 55.598700000000008 79.073400000000007 623.64430000000016 123.72950000000002 21.165115155292593 18.95568888888889 4.96008047808765 3.5848385964912284 11.858572344972778 12.932400000000003 0.071160000000000015 0.78110000000000013
decision_type=2 2 2 2 2 2 2 2 2 2 2 2 2 2 2 2 2 2 2 2 2 2 2 2 2 2 2 2 2
left_child=4 2 6 5 8 12 17 15 23 16 -8 -11 -3 -7 -9 -4 -5 -2 19 25 21 -20 26 28 -24 -6 -10 -25 -1
right_child=1 3 7 9 18 13 10 14 22 11 -12 -13 -14 -15 -16 -17 -18 -19 20 -21 -22 -23 24 27 -26 -27 -28 -29 -30
leaf_value=-1.17985278116714 -0.40385331184395795 0.4814314931820648 -0.49266097282296895 1.1251253553814926 -0.49792404600712764 2.046161397405573 0.11824506001839706 0.32218294422615168 -1.049145049491486 1.2103488692116959 -0.068317128229614596 2.1226620657541675 0.72519815333352211 0.78056714260217042 0.52051332466725408 0.22516987224249638 2.1596371019208753 -0.15068999326596483 -0.27011609542928638 -1.3733222409018451 -0.99535387277603149 0.58156897886656223 -0.32791557244279168 -1.254938344521956 -0.88991278456093159 -0.13474373035132886 -0.9721396853856723 -1.086710325433788 -1.1528487676354471
leaf_weight=3781 597 5405 102 576 1110 37 6072 3957 385 108 3832 238 1222 4676 2268 7156 37 4144 200 28 20 24 22 44 1405 32 1173 1584 2160
leaf_count=3781 597 5405 102 576 1110 37 6072 3957 385 108 3832 238 1222 4676 2268 7156 37 4144 200 28 20 24 22 44 1405 32 1173 1584 2160
internal_value=9.16688e-10 0.301406 0.128239 0.697444 -1.01813 0.636152 -0.0279527 0.297891 -1.09243 1.4222 0.0460615 1.83789 0.526381 0.790503 0.394442 0.215082 1.18757 -0.182569 -0.463531 -0.508941 -0.24579 -0.178864 -0.938621 -1.15309 -0.881248 -0.487747 -0.991169 -1.09126 -1.17003
internal_weight=52395 40427 28128 12299 11968 11340 14645 13483 10554 959 9904 346 6627 4713 6225 7258 613 4741 1414 1170 244 224 2985 7569 1427 1142 1558 1628 5941
internal_count=52395 40427 28128 12299 11968 11340 14645 13483 10554 959 9904 346 6627 4713 6225 7258 613 4741 1414 1170 244 224 2985 7569 1427 1142 1558 1628 5941
is_linear=0
shrinkage=0.1


Tree=20
num_leaves=29
num_cat=0
split_feature=6 4 20 21 16 4 16 16 16 26 26 4 2 29 14 21 11 8 26 2 18 24 22 16 10 26 23 19
split_gain=1.30395e+06 230095 61572.3 45134.8 32968.6 15931.2 14356.1 13874.6 11053.1 8925.9 6570.31 6536.65 5265.56 5257.08 4964.69 4535.78 2959.8 2784.95 2319.04 2156.43 2009.12 1777.52 693.416 387.083 345.914 253.538 81.2353 66.2354
threshold=60.713733333333344 120.65866666666668 95.821850000000026 145.89088055555558 326.17710000000005 170.94650000000004 1098.9204000000002 577.73550000000012 848.9268666666668 102.49020000000002 69.055600000000013 8.3818714285714311 9.5000000000000018 232.73860000000005 47.410000000000011 154.13896246693125 423.99000000000007 117.28277777777778 40.130400000000009 9.5000000000000018 787.97660000000008 20.358424159074712 14.986116666666668 52.176481250000009 433.88285714285718 0.51437391793142229 2.997492884480272 0.40348888888888906
decision_type=2 2 2 2 2 2 2 2 2 2 2 2 2 2 2 2 2 2 2 2 2 2 2 2 2 2 2 2
left_child=4 2 7 6 11 16 9 19 14 -3 -8 23 -9 -7 -4 -10 -5 18 20 -2 -6 -20 25 27 -24 -13 -25 -1
right_child=1 3 8 5 17 13 10 12 15 -11 -12 22 -14 -15 -16 -17 -18 -19 21 -21 -22 -23 24 26 -26 -27 -28 -29
leaf_value=-1.0967707443237307 -0.1748734177752983 0.34037854538671081 0.065150307795678181 0.44395897383349281 -0.6374771941687094 1.2322530589934948 -0.10816910732751606 0.068187236464749501 0.34970052815298003 0.55617556010651414 0.77705066884101615 -1.2403088023265205 -0.086046451371124766 1.8296395795837956 0.22451101227249329 1.6489538448828238 0.87953719732841895 0.68158213585615168 -0.40037972228395446 -0.34888584152644575 -1.5107406164918629 -1.2541308383941652 -0.41990832572891601 -0.99757432258664935 -0.82846849459690297 -0.91264393323441095 -1.0830365300178528 -1.0534562330393547
leaf_weight=380 2365 3304 2732 175 446 593 87 5768 5571 4565 2313 24 3592 196 6873 27 1437 20 994 1019 28 25 21 1702 1572 1471 119 4976
leaf_count=380 2365 3304 2732 175 446 593 87 5768 5571 4565 2313 24 3592 196 6873 27 1437 20 994 1019 28 25 21 1702 1572 1471 119 4976
internal_value=1.99526e-09 0.268638 0.10838 0.62213 -0.926412 1.01246 0.530866 -0.0537402 0.244278 0.465568 0.744961 -0.990644 0.00899841 1.38065 0.179183 0.355967 0.83225 -0.490624 -0.506327 -0.227273 -0.689062 -0.421326 -0.868989 -1.04299 -0.823083 -0.917904 -1.00316 -1.05653
internal_weight=52395 40617 27947 12670 11778 2401 10269 12744 15203 7869 2400 10265 9360 789 9605 5598 1612 1513 1493 3384 474 1019 3088 7177 1593 1495 1821 5356
internal_count=52395 40617 27947 12670 11778 2401 10269 12744 15203 7869 2400 10265 9360 789 9605 5598 1612 1513 1493 3384 474 1019 3088 7177 1593 1495 1821 5356
is_linear=0
shrinkage=0.1


Tree=21
num_leaves=31
num_cat=0
split_feature=7 4 20 4 16 4 21 2 16 16 16 16 20 13 4 16 26 2 25 12 6 16 20 15 4 16 23 24 18 19
split_gain=1.05769e+06 185684 57927 31472.6 26978.9 21011.2 11853.7 8449.14 7736.25 6364.08 5960.44 5277.1 5087.44 4843.11 4808.71 4780.59 2601.34 2198.18 2058.82 2491.47 1740.5 2935.67 1565.6 1532.19 579.93 314.143 228.908 218.514 121.008 56.1403
threshold=62.539999999999999 106.95950000000001 137.19951666666671 21.967824463118585 656.07477777777797 170.94650000000004 113.4078777777778 9.5000000000000018 1155.7696444444448 1612.2600000000002 764.83140000000014 1069.0960000000002 7.7624888888888899 12.263333333333335 74.172600000000003 1098.9204000000002 97.404500000000013 9.5000000000000018 28.456210090298551 425.22250000000008 98.514100000000013 705.20410000000004 79.087609259259267 48.610000000000007 14.670400000000003 57.137803187251009 5.9341982873567209 7.4389732166774882 52.176481250000009 0.40348888888888906
decision_type=2 2 2 2 2 2 2 2 2 2 2 2 2 2 2 2 2 2 2 2 2 2 2 2 2 2 2 2 2 2
left_child=3 4 6 12 14 13 15 10 -9 -7 -6 -8 25 -4 23 -3 -16 20 22 -20 21 -5 -19 -2 27 29 -26 -14 -27 -1
right_child=1 2 5 17 7 9 11 8 -10 -11 -12 -13 24 -15 16 -17 -18 18 19 -21 -22 -23 -24 -25 26 28 -28 -29 -30 -31
leaf_value=-0.98709366810949239 -0.28870657877587746 0.23018602869649918 1.9221699929237368 -0.49959415812869479 0.12852951512983199 1.0662262077794515 0.39377158262201478 0.0084181160584969415 1.9322503788485414 1.7630385861466817 0.321275927823371 0.58080730647533607 -0.82628330173112507 0.64677830237894307 -0.065942522429643213 0.673780784890877 0.7239870519865127 -0.30374426193455573 -0.37973339912437259 1.1606663569808007 0.32346305946509046 -1.2493603298880838 -1.2036812069639564 -0.12938065567336363 -0.74925575809071532 -0.71283731558360164 -0.4089026361703873 -1.0866938833034401 -0.90355748283421056 -0.94727525700957094
leaf_weight=380 1532 5582 30 1034 4923 769 7786 4497 21 158 2380 1871 1368 3952 5627 254 42 578 21 21 24 55 20 996 1651 34 20 33 1544 5192
leaf_count=380 1532 5582 30 1034 4923 769 7786 4497 21 158 2380 1871 1368 3952 5627 254 42 578 21 21 24 55 20 996 1651 34 20 33 1544 5192
internal_value=1.12333e-09 0.244554 0.45686 -0.825458 0.0281751 0.756207 0.362011 0.124847 0.0173602 1.18499 0.191344 0.430009 -0.892594 0.656387 -0.111237 0.249493 -0.0600902 -0.433982 -0.28631 0.390466 -0.518897 -0.537461 -0.333842 -0.225934 -0.784966 -0.938836 -0.745182 -0.832417 -0.899448 -0.949991
internal_weight=52395 40420 20402 11975 20018 4909 15493 11821 4518 927 7303 9657 10222 3982 8197 5836 5669 1753 640 42 1113 1089 598 2528 3072 7150 1671 1401 1578 5572
internal_count=52395 40420 20402 11975 20018 4909 15493 11821 4518 927 7303 9657 10222 3982 8197 5836 5669 1753 640 42 1113 1089 598 2528 3072 7150 1671 1401 1578 5572
is_linear=0
shrinkage=0.1


Tree=22
num_leaves=30
num_cat=0
split_feature=16 4 26 16 6 21 16 22 16 23 10 26 5 0 2 10 10 26 8 18 6 27 23 16 10 23 27 23 6
split_gain=858688 151149 39671.1 33219.8 25097.3 13365.2 8916.34 8469.33 8163.36 7559.21 6326.87 6023.45 5159.44 4631.19 4344.07 3242.06 2899.9 2463.36 885.973 1812.16 1039.18 856.316 501.995 415.336 376.905 321.708 198.938 125.911 52.2603
threshold=492.36980000000005 120.65866666666668 80.538100000000014 1366.5122000000003 44.617910684931509 144.72848240740743 661.00658888888893 168.37608043981484 775.18180000000018 27.501519857020138 927.08521739130435 102.49020000000002 11.728600000000002 14.500000000000002 9.5000000000000018 434.70555555555558 430.94777777777784 105.2666142857143 79.073400000000007 623.64430000000016 84.08890000000001 115.1392 0.084755925056623077 54.588231276721224 420.54777777777787 11.858572344972778 21.781173949579834 5.9341982873567209 0.56898219424460439
decision_type=2 2 2 2 2 2 2 2 2 2 2 2 2 2 2 2 2 2 2 2 2 2 2 2 2 2 2 2 2
left_child=4 2 6 5 12 11 9 16 17 -2 -8 -3 23 -9 -10 -7 -5 -4 19 25 21 -20 26 28 -24 -6 -14 -25 -1
right_child=1 3 8 7 18 15 10 13 14 -11 -12 -13 22 -15 -16 -17 -18 -19 20 -21 -22 -23 24 27 -26 -27 -28 -29 -30
leaf_value=-0.8672331012370933 -0.10361751005841663 0.31912822779573213 0.09960851224657663 0.56789121108197171 -0.37408776044224179 0.50451985468247695 0.047641333174790322 1.3637662975738447 0.32083877913301906 -1.8454992594718935 1.5818176971541513 0.47848658508545389 -0.67238891560329728 2.4464292409468671 0.17335003408437633 0.78692108070004907 1.0252697041231715 0.42616130168630867 -0.17522800380161199 -1.1793658945177283 0.49742017501876473 -0.84616852225292305 -0.35011471046341791 -0.80445425636620982 -0.72670212208653273 -0.052479135431349279 -0.59223380596265884 -0.56389171372760427 -0.8473217456396317
leaf_weight=2139 7220 4013 5570 193 1110 583 6077 204 5432 25 27 5800 717 49 3158 1343 492 241 202 28 21 21 27 1974 1695 32 545 22 3435
leaf_count=2139 7220 4013 5570 193 1110 583 6077 204 5432 25 27 5800 717 49 3158 1343 492 241 202 28 21 21 27 1974 1695 32 545 22 3435
internal_value=1.11138e-09 0.220266 0.0895758 0.506348 -0.744043 0.460589 -0.0346116 1.07902 0.204691 -0.109628 0.0544275 0.413317 -0.797048 1.57345 0.266616 0.701438 0.896402 0.113152 -0.348415 -0.384563 -0.175081 -0.238411 -0.685685 -0.840946 -0.720797 -0.365076 -0.637774 -0.801803 -0.854963
internal_weight=52395 40427 27750 12677 11968 11739 13349 938 14401 7245 6104 9813 10554 253 8590 1926 685 5811 1414 1170 244 223 2984 7570 1722 1142 1262 1996 5574
internal_count=52395 40427 27750 12677 11968 11739 13349 938 14401 7245 6104 9813 10554 253 8590 1926 685 5811 1414 1170 244 223 2984 7570 1722 1142 1262 1996 5574
is_linear=0
shrinkage=0.1


Tree=23
num_leaves=30
num_cat=0
split_feature=20 20 4 16 4 26 16 9 14 13 0 2 4 26 19 15 13 11 23 4 15 4 10 4 10 0 24 17 4
split_gain=696721 119303 32193.7 27829.5 25613.5 8822.58 8038.32 6519.31 6095.96 5248.87 5171.6 4750.51 4147.92 4040.2 3549.09 3278.5 3196.45 2974.03 1727.11 2518.2 1952.57 1867.88 1045.56 534.526 430.075 1102.43 551.593 105.251 67.7884
threshold=67.794616666666684 120.67665000000001 98.203200000000024 1271.1114750000002 31.378433027522942 128.8547916666667 668.67230000000006 176.05355000000003 48.071875000000013 26.341428571428576 6.5000000000000009 9.5000000000000018 12.951300000000002 76.537900000000022 204.24902222222246 48.071875000000013 65.922500000000014 436.99000000000007 20.974599651909994 86.260000000000005 19.426326530612247 62.539999999999999 410.01000000000005 4.9674804780876505 477.88444444444451 16.500000000000004 8.0123291402262407 52.176481250000009 1.2314000000000001
decision_type=2 2 2 2 2 2 2 2 2 2 2 2 2 2 2 2 2 2 2 2 2 2 2 2 2 2 2 2 2
left_child=4 2 6 5 12 9 11 16 13 -3 -10 -2 23 -4 -9 -8 -5 -7 20 21 -6 -20 -22 28 25 -14 -26 -25 -1
right_child=1 3 8 7 18 17 15 14 10 -11 -12 -13 24 -15 -16 -17 -18 -19 19 -21 22 -23 -24 27 26 -27 -28 -29 -30
leaf_value=-0.77344776657538583 -0.036357667662512999 0.89129716129047099 -0.1075767440684533 0.73907892836342948 0.53934618186737804 0.48641276159237379 -0.014805111234572172 0.98485169214975155 0.12184619739257024 0.36173631652319549 0.29206529832607991 -0.20938879180694348 -0.91672563970088961 0.14574758625934922 1.7700353948194363 0.13489425696437379 1.444057773437132 0.79107871953955178 -0.68414785204963247 0.17059291481971742 -0.8515488656128154 -1.9088791739940643 -0.29135807664158841 -0.49247252497336141 -0.60832304555639893 0.018934266970438117 -1.1003096932950227 -0.70778831293496702 -0.74962429813534137
leaf_weight=4562 6195 191 758 1187 28 593 2545 122 2454 9332 6546 2133 20 3716 109 3441 68 697 33 20 34 20 1661 23 2476 34 23 1756 1618
leaf_count=4562 6195 191 758 1187 28 593 2545 122 2454 9332 6546 2133 20 3716 109 3441 68 697 33 20 34 20 1661 23 2476 34 23 1756 1618
internal_value=-9.34862e-11 0.202058 0.0872879 0.461367 -0.658101 0.405603 -0.017142 0.867139 0.198228 0.372358 0.245652 -0.0806751 -0.717729 0.102829 1.35535 0.0712483 0.777277 0.651027 -0.309098 -0.785515 -0.288913 -1.14631 -0.302595 -0.753306 -0.606818 -0.327606 -0.612851 -0.705005 -0.76721
internal_weight=52395 40087 27788 12299 12308 10813 14314 1486 13474 9523 9000 8328 10512 4474 231 5986 1255 1290 1796 73 1723 53 1695 7959 2553 54 2499 1779 6180
internal_count=52395 40087 27788 12299 12308 10813 14314 1486 13474 9523 9000 8328 10512 4474 231 5986 1255 1290 1796 73 1723 53 1695 7959 2553 54 2499 1779 6180
is_linear=0
shrinkage=0.1


Tree=24
num_leaves=31
num_cat=0
split_feature=7 4 4 16 16 21 21 26 2 2 16 16 5 14 2 19 13 15 28 12 16 12 16 19 17 28 6 8 10 23
split_gain=565778 102727 27261 22621.3 15667.5 8810.16 7529.27 6646.9 5980.65 5783.39 4759.03 4627.58 4223.25 3900.3 3796.14 2807.14 2648.21 1312.6 1190.45 1646.85 1782.75 1706.14 737.283 1574.78 728.981 308.862 209.593 209.097 116.302 58.0146
threshold=62.539999999999999 120.65866666666668 88.835600000000014 1366.5122000000003 326.17710000000005 145.89088055555558 104.25605833333333 69.055600000000013 7.5000000000000009 10.500000000000002 1085.6696571428574 554.89440000000002 131.64150000000004 48.242222222222232 9.5000000000000018 10.02097719298246 43.440289855072471 27.210000000000004 48.45170000000001 416.66333333333341 887.8529000000002 410.01000000000005 647.83640000000014 68.996400000000165 663.4796 14.464500000000003 1.7536000000000003 1.7536000000000003 434.52250000000004 5.9341982873567209
decision_type=2 2 2 2 2 2 2 2 2 2 2 2 2 2 2 2 2 2 2 2 2 2 2 2 2 2 2 2 2 2
left_child=4 2 11 5 15 10 12 -8 16 -10 -3 17 -4 -7 -13 26 -5 -2 19 21 -21 -6 23 -20 -24 27 -1 -17 -27 -28
right_child=1 3 6 8 18 13 7 -9 9 -11 -12 14 -14 -15 -16 25 -18 -19 22 20 -22 -23 24 -25 -26 28 29 -29 -30 -31
leaf_value=-0.69405116718984727 -0.67403400865468122 0.30233996351601289 0.077837105792852107 0.25843424260616304 -0.19367770666167849 0.34885625292343153 1.4274903720752761 0.19567103231318969 0.46528619393269283 1.0309684808409378 0.46537438476679394 0.032780680452718668 -0.8829661154552646 0.67735017734898573 -0.11567919427531224 -0.91520221352577202 1.4672835090694649 -0.17948804636444707 -0.27730431388260535 -0.38359129898061961 0.31437220973403834 -1.3278636548254226 -0.85093707067563251 0.10225036098683873 -0.21356488638802579 -0.2880799335241318 -0.65839059092122187 -0.5900050455185023 -0.53134024309691885 -0.4872658723220229
leaf_weight=5235 55 7613 8371 20 21 507 44 9893 358 365 2341 4235 46 1259 2903 20 193 2217 403 990 38 36 34 150 38 20 2099 1736 1135 20
leaf_count=5235 55 7613 8371 20 21 507 44 9893 358 365 2341 4235 46 1259 2903 20 193 2217 403 990 38 36 34 150 38 20 2099 1736 1135 20
internal_value=4.87894e-10 0.178862 0.0712273 0.414984 -0.603724 0.377202 0.142178 0.201125 0.888067 0.750866 0.340683 -0.0671613 0.0725862 0.583043 -0.0275974 -0.650409 1.35378 -0.19146 -0.323475 -0.386801 -0.357791 -0.910006 -0.213541 -0.174351 -0.514546 -0.567292 -0.68331 -0.593709 -0.527128 -0.656775
internal_weight=52395 40420 27764 12656 11975 11720 18354 9937 936 723 9954 9410 8417 1766 7138 10265 213 2272 1710 1085 1028 57 625 553 72 2911 7354 1756 1155 2119
internal_count=52395 40420 27764 12656 11975 11720 18354 9937 936 723 9954 9410 8417 1766 7138 10265 213 2272 1710 1085 1028 57 625 553 72 2911 7354 1756 1155 2119
is_linear=0
shrinkage=0.1


Tree=25
num_leaves=27
num_cat=0
split_feature=22 16 6 6 26 16 26 16 15 0 6 15 23 25 10 12 5 8 12 21 20 24 12 16 23 19
split_gain=459024 79908.9 21642.6 20321.3 19620 9057.63 8570.92 6080.56 5837.64 5146.77 4710.72 3604.91 3283.73 3178.34 3129.63 2834.52 2598.71 2008.06 1992.05 1960.67 2401.23 2062.48 742.632 222.596 87.5738 40.0953
threshold=72.468248611111136 906.49390000000005 44.617910684931509 152.87855555555561 82.202100000000016 1456.001047619048 115.31070000000001 1146.1058 48.363333333333337 18.500000000000004 106.95950000000001 71.90555555555558 19.571105844750701 23.138857429501343 435.61000000000007 962.93904382470134 11.728600000000002 182.98050000000003 418.8944444444445 83.973380324074085 94.618200000000016 21.097162948328421 427.16888888888894 54.588231276721224 5.9341982873567209 0.40348888888888906
decision_type=2 2 2 2 2 2 2 2 2 2 2 2 2 2 2 2 2 2 2 2 2 2 2 2 2 2
left_child=2 4 16 7 8 13 14 10 12 -10 -3 -7 -2 -5 -6 -9 23 -8 -18 20 21 -4 -20 25 -25 -1
right_child=1 3 19 5 6 11 17 15 9 -11 -12 -13 -14 -15 -16 -17 18 -19 22 -21 -22 -23 -24 24 -26 -27
leaf_value=-0.65492681817004561 -0.074044441865654079 0.1224498871779075 -0.24485949033135565 0.44468472167728801 0.079584795274695752 0.97454520289164448 0.49120566607938587 0.49786775915403897 0.0048871596643099632 0.23351184565045557 0.31029288145924355 1.9969478455029037 -0.44878999668138997 0.72694134946696465 0.18189383282976712 -0.15047284911074843 -1.2537763411764589 -0.32879430170982116 0.017631586321762632 0.73342709654853466 -1.3015932208015806 0.33644684398221592 -0.49979344503191298 -0.58686465603424931 -0.38624091310934588 -0.62127664819256501
leaf_weight=380 6194 1607 1957 1103 5858 373 815 1839 5753 1188 7889 38 243 625 6107 70 35 31 28 21 21 63 2967 1974 22 5194
leaf_count=380 6194 1607 1957 1103 5858 373 815 1839 5753 1188 7889 38 243 625 6107 70 35 31 28 21 21 63 2967 1974 22 5194
internal_value=-3.60249e-10 0.167089 -0.524321 0.36429 0.0651042 0.647132 0.153553 0.311243 -0.0195963 0.0440179 0.278504 1.06907 -0.0881913 0.546774 0.131804 0.474094 -0.581984 0.461158 -0.503721 -0.227898 -0.237789 -0.22673 -0.494956 -0.613309 -0.584653 -0.623571
internal_weight=52395 39733 12662 13544 26189 2139 12811 11405 13378 6941 9496 411 6437 1728 11965 1909 10600 846 3030 2062 2041 2020 2995 7570 1996 5574
internal_count=52395 39733 12662 13544 26189 2139 12811 11405 13378 6941 9496 411 6437 1728 11965 1909 10600 846 3030 2062 2041 2020 2995 7570 1996 5574
is_linear=0
shrinkage=0.1


Tree=26
num_leaves=28
num_cat=0
split_feature=16 26 16 4 6 16 2 6 26 23 11 10 4 0 17 11 6 4 19 17 20 24 18 16 4 26 23
split_gain=373546 67765.9 19743.2 15506.2 12866.4 7585.5 6227.12 5749.6 4538.16 4732.98 3718.95 3556.8 3389.59 3198.89 2683.54 2448.25 2375.39 2214.55 2043.45 1457.28 1292.01 427.757 388.794 319.346 283.037 89.617 50.4844
threshold=511.16050000000007 100.61412500000002 735.3502000000002 151.21920000000003 31.378433027522942 1030.1039750000002 9.5000000000000018 210.27833333333336 65.157600000000016 14.662832554437223 422.42678571428576 433.34142857142865 136.14420000000004 18.500000000000004 1456.001047619048 458.23111111111115 96.203400000000016 12.951300000000002 167.06557724867744 598.76980000000015 72.354700000000008 19.397089570257805 431.46600000000007 326.17710000000005 4.9674804780876505 0.19840000000000005 5.8253591302885495
decision_type=2 2 2 2 2 2 2 2 2 2 2 2 2 2 2 2 2 2 2 2 2 2 2 2 2 2 2
left_child=4 2 8 12 17 6 -4 11 9 -2 -7 -5 14 -10 -3 -9 19 24 -14 21 -21 -6 23 -19 26 -26 -1
right_child=1 3 5 7 16 10 -8 15 13 -11 -12 -13 18 -15 -16 -17 -18 22 -20 20 -22 -23 -24 -25 25 -27 -28
leaf_value=-0.55917705694839936 -0.095421922296132167 0.25071443176271641 0.16946660326362367 0.31596912234529573 -0.22472443925378671 0.0064753721299859006 0.024605493406378767 0.94928359211348801 -0.021205132219283836 -0.51446220491700334 0.40095924399465926 0.6177054126660777 0.39484900514502619 0.12701462526357762 1.0009364868203798 1.8850368535518649 0.84525541514158253 -0.45009201419110262 -0.36342061646282675 -1.1970895173152287 -0.30276413066046581 -0.50801267103715375 -0.88137109935283664 -0.32694094263274098 -0.64781371026623003 -0.51067436591652082 -0.71093163977969775
leaf_weight=6158 2209 7134 8050 530 1726 285 4700 139 9085 307 1480 1486 2781 1734 48 35 20 2279 36 30 35 55 20 232 49 1730 22
leaf_count=6158 2209 7134 8050 530 1726 285 4700 139 9085 307 1480 1486 2781 1734 48 35 20 2279 36 30 35 55 20 232 49 1730 22
internal_value=4.70186e-10 0.148328 0.0622616 0.344978 -0.480651 0.142964 0.116067 0.585982 -0.0255817 -0.146553 0.337261 0.53838 0.292193 0.00255058 0.255728 1.13751 -0.238703 -0.523689 0.385159 -0.250447 -0.71553 -0.233473 -0.442212 -0.438714 -0.549599 -0.514452 -0.559717
internal_weight=52395 40039 27850 12189 12356 14515 12750 2190 13335 2516 1765 2016 9999 10819 7182 174 1866 10490 2817 1846 65 1781 2531 2511 7959 1779 6180
internal_count=52395 40039 27850 12189 12356 14515 12750 2190 13335 2516 1765 2016 9999 10819 7182 174 1866 10490 2817 1846 65 1781 2531 2511 7959 1779 6180
is_linear=0
shrinkage=0.1


Tree=27
num_leaves=27
num_cat=0
split_feature=16 26 16 26 4 14 2 29 27 0 1 22 16 4 0 24 19 8 17 4 5 28 8 4 17 4
split_gain=302902 52665.4 14966.3 14903 12621.2 6221.57 5975.15 5333.92 4963.54 4681.13 3625.61 3308.39 3151.61 2905 2879.77 2431.82 1957.63 1573.47 1717.12 1186.93 875.195 824.534 384.23 218.44 122.607 46.4896
threshold=530.13110000000017 100.61412500000002 792.97280000000012 40.130400000000009 149.86590000000004 48.421111111111124 9.5000000000000018 195.45480000000001 206.90150000000003 18.500000000000004 3.5000000000000004 88.36492916666667 1518.4597428571431 116.57260000000001 20.500000000000004 29.901292071520967 12.932400000000003 91.832300000000018 602.16850000000011 89.515100000000018 76.313500000000019 51.379500000000007 109.26943333333334 4.9674804780876505 52.176481250000009 0.75570000000000015
decision_type=2 2 2 2 2 2 2 2 2 2 2 2 2 2 2 2 2 2 2 2 2 2 2 2 2 2
left_child=3 2 6 16 12 11 9 14 -7 -2 -9 -4 15 -8 -6 -3 23 18 -18 20 21 -5 -22 25 -25 -1
right_child=1 4 5 19 7 8 13 10 -10 -11 -12 -13 -14 -15 -16 -17 17 -19 -20 -21 22 -23 -24 24 -26 -27
leaf_value=-0.51089136895110199 0.010632105931488936 0.26182853633241254 -0.23166503130130939 -0.24715286874087755 0.31602019737405124 0.20541279504925633 -0.10133378845134507 0.44587290098474225 1.3091007069025826 0.17813326360586387 0.85636802816130997 0.083344197092759503 1.2516055656597018 0.73404602266493302 0.64710273552878661 -0.32554484191285055 -0.39652388810617739 0.34956952260274976 -1.264302108598792 0.56006662803036833 -0.36836103827870909 -0.11366201792732081 0.038297219991683965 -0.26652263066461013 -0.46716419239549939 -0.49331101120662757
leaf_weight=3586 9867 9739 367 785 1072 6611 4691 340 41 2008 586 3642 32 42 348 71 2656 28 23 21 329 1127 25 31 1736 2591
leaf_count=3586 9867 9739 367 785 1072 6611 4691 340 41 2008 586 3642 32 42 348 71 2656 28 23 21 329 1127 25 31 1736 2591
internal_value=-4.02442e-10 0.137682 0.060444 -0.419889 0.310492 0.15291 0.00108813 0.518923 0.212215 0.0389557 0.705646 0.054507 0.260809 -0.0939207 0.397159 0.257577 -0.469622 -0.39618 -0.403974 -0.188275 -0.19521 -0.168469 -0.339642 -0.494648 -0.463644 -0.503517
internal_weight=52395 39457 27269 12938 12188 10661 16608 2346 6652 11875 926 4009 9842 4733 1420 9810 10651 2707 2679 2287 2266 1912 354 7944 1767 6177
internal_count=52395 39457 27269 12938 12188 10661 16608 2346 6652 11875 926 4009 9842 4733 1420 9810 10651 2707 2679 2287 2266 1912 354 7944 1767 6177
is_linear=0
shrinkage=0.1


Tree=28
num_leaves=25
num_cat=0
split_feature=26 16 26 16 8 26 16 0 10 21 21 14 22 16 2 0 27 8 8 5 5 20 28 4
split_gain=246251 48215.2 12572 12293.4 6818.9 5675.55 4946.35 4528.84 4402.46 4351.53 4285.53 4122.34 3989.43 3780.41 3624.31 3326.81 2337.48 1604.94 1389.44 5923.76 2577.2 537.062 338.491 81.3636
threshold=50.722350000000013 906.49390000000005 79.75530000000002 1176.1359500000001 116.93730000000001 115.31070000000001 1518.4597428571431 20.500000000000004 694.29000000000008 93.181291666666667 152.02625072751326 47.64222222222223 19.739576014125507 602.16850000000011 10.500000000000002 16.500000000000004 144.19690000000003 182.98050000000003 62.539999999999999 112.17540000000001 58.310200000000016 7.7624888888888899 0.28893333333333343 1.2934693877551025
decision_type=2 2 2 2 2 2 2 2 2 2 2 2 2 2 2 2 2 2 2 2 2 2 2 2
left_child=4 2 11 7 12 15 14 9 -8 -3 -9 16 21 -13 -5 -4 -2 -7 19 -14 -20 23 -23 -1
right_child=1 3 5 6 -6 17 8 10 -10 -11 -12 13 18 -15 -16 -17 -18 -19 20 -21 -22 22 -24 -25
leaf_value=-0.45734410445739287 -0.091139531691708159 -0.28366445490028908 0.057844257999489217 0.30460163156738818 0.97231465048260157 0.38212475257919976 0.888667431823432 0.33492089301724448 -0.3922393361170744 0.20510772322715143 1.0626041558823165 -0.082016023669631927 -0.28393744309605273 0.067981318597590587 0.56019249992539655 0.16859264603481475 -0.59964630775477579 -0.35096145522209909 -0.16250873622098927 1.1799800498144968 -0.69188888240102175 -0.0017268218777396463 -0.39608231437626396 -0.43471807785407118
leaf_weight=4756 5188 186 9858 1384 36 815 359 1691 29 8800 85 2580 2160 4818 926 3742 92 31 157 28 222 22 2043 2387
leaf_count=4756 5188 186 9858 1384 36 815 359 1691 29 8800 85 2580 2160 4818 926 3742 92 31 157 28 222 22 2043 2387
internal_value=5.63011e-11 0.116953 0.0401706 0.271681 -0.401864 0.103949 0.462551 0.22383 0.79293 0.194991 0.369748 -0.0325025 -0.406065 0.0156708 0.407059 0.0883164 -0.0999999 0.355262 -0.295823 -0.265204 -0.472594 -0.436798 -0.391881 -0.449783
internal_weight=52395 40584 27124 13460 11811 14446 2698 10762 388 8986 1776 12678 11775 7398 2310 13600 5280 846 2567 2188 379 9208 2065 7143
internal_count=52395 40584 27124 13460 11811 14446 2698 10762 388 8986 1776 12678 11775 7398 2310 13600 5280 846 2567 2188 379 9208 2065 7143
is_linear=0
shrinkage=0.1


Tree=29
num_leaves=25
num_cat=0
split_feature=16 20 26 16 16 15 5 23 13 20 26 22 6 6 22 16 16 4 4 10 8 17 27 4
split_gain=200670 34431.1 12675.7 11462.9 7524.74 4580.28 4318.47 4297.02 3942.29 3841.96 4213.67 2877 2796.99 2774.14 2500.51 1736.64 1162.27 1337.3 965.081 679.584 500.271 1029.92 642.91 180.869
threshold=546.47410000000013 127.97938240740741 40.130400000000009 767.04750000000001 1366.5122000000003 65.922500000000014 126.14960000000002 20.974599651909994 26.341428571428576 131.57079675925925 116.85530000000001 131.62020142195769 109.26753333333335 87.6845 120.74494090608468 1138.5712777777781 518.07280000000014 13.471400000000001 94.209400000000002 423.12666666666672 85.554400000000015 581.94970000000001 99.409400000000019 4.9674804780876505
decision_type=2 2 2 2 2 2 2 2 2 2 2 2 2 2 2 2 2 2 2 2 2 2 2 2
left_child=2 3 16 7 8 6 -5 13 14 -6 -11 -9 -10 -2 -3 -7 17 23 20 -19 21 -4 -22 -1
right_child=1 4 18 5 9 15 -8 11 12 10 -12 -13 -14 -15 -16 -17 -18 19 -20 -21 22 -23 -24 -25
leaf_value=-0.40822401209423936 -0.040896554783215577 1.7062666425886364 -0.15137531038510643 0.13341879588137712 1.9372743624448778 0.28675951708141523 -0.014751346445925446 -0.52798666430593932 -0.3975240600831581 0.22468597927730377 0.68862641952894255 0.72593299478292472 0.25641089254192195 0.047298134600072719 0.58549401539604407 1.2032308249246508 -1.0253710938351495 0.022304995023998724 0.54754732728004452 -0.32406639637465501 0.046471337943725044 -0.39508018616586926 -0.15482873192338079 -0.37346776523852987
leaf_weight=6180 6208 23 1986 11914 20 1341 2356 215 66 292 594 20 7275 8382 148 21 28 58 20 2424 267 190 391 1976
leaf_count=6180 6208 23 1986 11914 20 1341 2356 215 66 292 594 20 7275 8382 148 21 28 58 20 2424 267 190 391 1976
internal_value=5.2996e-11 0.115412 -0.331851 0.0659349 0.294422 0.125679 0.108956 0.00293887 0.261588 0.566664 0.535725 -0.42127 0.250532 0.00977157 0.736241 0.30089 -0.381938 -0.380244 -0.144666 -0.315972 -0.149551 -0.172655 -0.0731462 -0.399803
internal_weight=52395 38875 13520 30457 8418 15632 14270 14825 7512 906 886 235 7341 14590 171 1362 10666 10638 2854 2482 2834 2176 658 8156
internal_count=52395 38875 13520 30457 8418 15632 14270 14825 7512 906 886 235 7341 14590 171 1362 10666 10638 2854 2482 2834 2176 658 8156
is_linear=0
shrinkage=0.1


Tree=30
num_leaves=25
num_cat=0
split_feature=7 16 6 16 5 2 23 24 16 28 26 26 4 18 5 14 15 22 6 18 29 6 24 28
split_gain=163259 30909.2 8603 7167.46 6678.26 5480.53 5227.26 5460.54 4142.76 4129.37 3615.8 3491.33 3325.85 2821.33 2444.06 2228.72 2228.1 2028.32 2097.18 1831.67 1297.84 1194.94 876.421 162.185
threshold=67.576900000000009 906.49390000000005 152.87855555555561 645.25520000000017 44.617910684931509 9.5000000000000018 33.568982709405596 31.876659904408154 1456.001047619048 98.432400000000015 97.404500000000013 119.39070000000001 148.61225000000005 1299.9466666666669 109.26753333333335 48.922500000000007 47.64222222222223 103.48719768518519 109.93520000000002 602.15870000000007 142.54690000000002 14.104100000000001 14.617396280020282 1.3462748299319729
decision_type=2 2 2 2 2 2 2 2 2 2 2 2 2 2 2 2 2 2 2 2 2 2 2 2
left_child=4 3 6 10 19 11 12 -8 15 -7 16 -5 -3 -10 -12 -4 -2 18 20 21 -6 23 -23 -1
right_child=1 2 8 5 17 9 7 -9 13 -11 14 -13 -14 -15 -16 -17 -18 -19 -20 -21 -22 22 -24 -25
leaf_value=-0.36890710733395005 -0.12523384874645055 0.17340036434528625 0.18156422418108853 0.092397546099964353 -0.13320464226451736 -0.046186799533517967 -1.5562119468195099 0.22316816221265234 1.1871214806950756 0.2213747788397139 1.4947378051280975 0.35375688929754989 0.33914054157266404 0.55358087654889931 0.28949787306757468 0.42100091533961664 -0.010187454423363346 0.8517226431518794 -1.0357710670541835 -1.2352915504704352 -0.54386217493563893 -0.28663353888536852 0.12494133384722583 -0.33909975847613499
leaf_weight=5653 2959 9922 591 13017 2025 4944 35 34 90 653 20 532 1379 321 106 1136 3905 20 27 23 80 2174 53 2696
leaf_count=5653 2959 9922 591 13017 2025 4944 35 34 90 653 20 532 1379 321 106 1136 3905 20 27 23 80 2174 53 2696
internal_value=-8.37762e-11 0.10011 0.222933 0.0366307 -0.311251 0.0682726 0.188327 -0.679416 0.40697 -0.0149705 -0.0500383 0.10266 0.193625 0.692312 0.480806 0.339063 -0.0597828 -0.150641 -0.160044 -0.34386 -0.148812 -0.341922 -0.276839 -0.359282
internal_weight=52395 39644 13508 26136 12751 19146 11370 69 2138 5597 6990 13549 11301 411 126 1727 6864 2152 2132 10599 2105 10576 2227 8349
internal_count=52395 39644 13508 26136 12751 19146 11370 69 2138 5597 6990 13549 11301 411 126 1727 6864 2152 2132 10599 2105 10576 2227 8349
is_linear=0
shrinkage=0.1


Tree=31
num_leaves=25
num_cat=0
split_feature=22 6 18 16 18 5 15 14 22 13 16 2 16 24 18 18 4 11 28 17 24 9 14 29
split_gain=133025 22029.2 11348.2 8360.95 5939.16 5693.38 5743.29 5354.66 4892.66 3561.12 3277.55 3230.32 3206.9 2995.75 2040.74 3561.23 2835.36 1516.39 631.473 341.916 671.807 104.044 40.4374 31.6611
threshold=79.609050000000011 119.10660000000003 326.17710000000005 1366.5122000000003 1407.9813555555559 127.89675555555557 49.363333333333337 57.305555555555557 143.07071190476194 12.263333333333335 996.17510000000004 7.5000000000000009 1025.3919111111115 22.856572990345011 1009.2138222222223 887.87090000000001 119.47210000000001 867.39200000000017 7.900500000000001 326.17710000000005 11.051058724658072 19.767724163027662 66.79000000000002 21.781173949579834
decision_type=2 2 2 2 2 2 2 2 2 2 2 2 2 2 2 2 2 2 2 2 2 2 2 2
left_child=2 4 18 9 7 6 -5 8 -2 17 -11 -7 -9 -6 15 16 -4 -3 19 20 -1 22 -20 -23
right_child=1 3 14 5 13 11 -8 12 -10 10 -12 -13 -14 -15 -16 -17 -18 -19 21 -21 -22 23 -24 -25
leaf_value=-0.32740534659968423 0.018710698089828094 0.5600272312893888 -0.11503910578786072 0.32431291341781621 -0.23168462828661385 0.78168384117324186 2.4834240692002432 0.12491238690041423 0.63899153101956474 0.13052519647165808 0.23358211466911638 0.32641084646032409 0.52073252624507216 -1.7223619903836931 0.66136538819833246 -1.1790770604275167 -1.3083733691368253 1.5239554082353912 -0.31495551051952508 -0.72989374924273731 0.23898934280677211 -0.32872629250798907 -0.27432733411660104 -0.21878366909297231
leaf_weight=7506 19496 51 4452 22 26 205 28 4267 128 6793 5655 650 215 28 33 32 20 24 279 21 21 28 2009 406
leaf_count=7506 19496 51 4452 22 26 205 28 4267 128 6793 5655 650 215 28 33 32 20 24 279 21 21 28 2009 406
internal_value=4.61096e-10 0.100007 -0.253871 0.202695 0.0429339 0.496224 1.53342 0.0452806 0.0227566 0.181482 0.177343 0.43557 0.1439 -1.00463 -0.122157 -0.127898 -0.120376 0.868484 -0.312058 -0.326949 -0.325825 -0.270767 -0.279282 -0.225877
internal_weight=52395 37588 14807 13428 24160 905 50 24106 19624 12523 12448 855 4482 54 4537 4504 4472 75 10270 7548 7527 2722 2288 434
internal_count=52395 37588 14807 13428 24160 905 50 24106 19624 12523 12448 855 4482 54 4537 4504 4472 75 10270 7548 7527 2722 2288 434
is_linear=0
shrinkage=0.1


Tree=32
num_leaves=26
num_cat=0
split_feature=16 26 25 26 14 16 11 24 28 5 0 23 16 0 23 13 0 16 8 18 17 4 21 12 17
split_gain=108843 20128.2 7389.38 6104.32 5825.61 4883.6 3958.53 3808.83 5339.43 4259.34 3735.71 3773.64 3462.75 3373.97 2944.69 2779.95 2452.11 1051.4 945.44 1759.47 1308.18 729.149 428.741 846.386 589.12
threshold=546.47410000000013 100.61412500000002 22.12652763027485 40.130400000000009 48.482857142857149 1039.6402000000003 434.2000000000001 24.157953765951046 128.91390000000004 193.75820000000002 1.0000000180025095e-35 13.225387234830221 1456.001047619048 6.5000000000000009 26.011525641877455 46.526666666666678 20.500000000000004 518.07280000000014 81.276500000000013 620.34940000000017 524.23230000000012 94.209400000000002 93.808025000000001 432.01000000000005 588.50060000000019
decision_type=2 2 2 2 2 2 2 2 2 2 2 2 2 2 2 2 2 2 2 2 2 2 2 2 2
left_child=3 4 12 17 10 13 -7 9 -9 -4 14 -12 16 -6 -2 -14 -3 18 19 -1 -20 22 24 -24 -5
right_child=1 2 7 21 5 6 -8 8 -10 -11 11 -13 15 -15 -16 -17 -18 -19 20 -21 -22 -23 23 -25 -26
leaf_value=-0.27724540520236518 0.2167264983613329 0.13202476154711057 0.56418482694884664 -0.10894772116066863 -0.012263426568697762 -0.0014093778968888261 0.42562121735567127 0.016131650433864123 0.95627575394972952 -0.057732256165435238 0.0025574102801957021 -0.13852676564979724 -0.43781310198483647 0.093613989132201453 1.4067650171843442 0.6343041575385322 0.26902380499526174 -0.891134251867022 -0.36417298868298531 -1.0572326218259744 0.77958399057388306 0.48717828705906874 -0.2355739469881411 0.55622941652933766 -0.26338727063071116
leaf_weight=10569 379 8809 984 2506 4307 318 684 405 71 124 8550 2436 27 9993 22 232 1534 28 20 29 20 20 27 27 274
leaf_count=10569 379 8809 984 2506 4307 318 684 405 71 124 8550 2436 27 9993 22 232 1534 28 20 29 20 20 27 27 274
internal_value=-3.02728e-10 0.0849981 0.191486 -0.244401 0.0363762 0.076679 0.290097 0.392947 0.156363 0.494584 -0.0177832 -0.0287261 0.161387 0.0617249 0.282015 0.522539 0.152343 -0.279159 -0.277548 -0.27938 0.207706 -0.114502 -0.118749 0.160328 -0.124169
internal_weight=52395 38875 12186 13520 26689 15302 1002 1584 476 1108 11387 10986 10602 14300 401 259 10343 10666 10638 10598 40 2854 2834 54 2780
internal_count=52395 38875 12186 13520 26689 15302 1002 1584 476 1108 11387 10986 10602 14300 401 259 10343 10666 10638 10598 40 2854 2834 54 2780
is_linear=0
shrinkage=0.1


Tree=33
num_leaves=28
num_cat=0
split_feature=28 16 25 16 7 17 0 7 6 23 28 9 26 14 26 5 8 12 7 18 9 5 17 23 26 15 26
split_gain=89058.3 18327.8 5580.63 4383.7 4233.08 7186.95 3913.25 3769.95 3408.94 3407.54 3629.65 3285.74 3007.35 2705.87 1975.66 1838.83 1767.62 3293.32 2679.54 4763.53 1840.34 1466.01 386.072 601.267 629.181 470.228 348.738
threshold=55.598700000000008 906.49390000000005 20.423699598117022 656.07477777777797 133.82487500000005 912.13962500000014 20.500000000000004 19.767724163027662 86.260000000000005 12.822431927761928 104.38180000000001 64.015800000000013 68.113600000000005 53.105555555555569 97.404500000000013 97.201900000000009 116.93730000000001 459.63111111111124 141.15619444444448 1188.2941333333335 106.96130000000001 107.62028888888889 326.17710000000005 6.1057673869977087 1.3286748299319731 50.210000000000008 5.5587703751617079
decision_type=2 2 2 2 2 2 2 2 2 2 2 2 2 2 2 2 2 2 2 2 2 2 2 2 2 2 2
left_child=7 3 6 14 8 -6 12 22 -4 10 -5 -11 -3 -8 15 -2 18 20 19 -9 -18 -16 23 26 -25 -24 -1
right_child=1 2 4 9 5 -7 13 16 -10 11 -12 -13 -14 -15 21 -17 17 -19 -20 -21 -22 -23 25 24 -26 -27 -28
leaf_value=-0.26796638612109092 -0.027682668356078206 -0.73145103397823519 -0.70675156194230793 0.060652331367172352 1.2348304811058586 0.34740132743809204 0.16656594453199969 -0.14838322621177277 0.17631762967339126 -1.0888805189009372 0.24025863700156258 -0.020563568839071376 0.1167157839806835 0.41857212739050542 0.99560426198519192 -0.19265159668947263 0.22689433093032529 -0.8652454183215188 -1.1777414798736572 1.3627258414313907 1.216054097811381 0.17701725479269373 -0.89305690470195964 -0.21314373413721721 0.52686990141868595 -0.21553795337677004 -0.22480390318984031
leaf_weight=7221 6818 42 46 12977 97 1542 973 3154 880 29 1232 3965 8976 758 26 750 62 21 25 21 27 138 21 27 20 20 2527
leaf_count=7221 6818 42 46 12977 97 1542 973 3154 880 29 1232 3965 8976 758 26 750 62 21 25 21 27 138 21 27 20 20 2527
internal_value=5.38915e-10 0.0754527 0.170827 0.0264915 0.303361 0.399922 0.139201 -0.225273 0.13245 0.0532864 0.0762252 -0.0283205 0.112766 0.276919 -0.0365901 -0.0440313 -0.13296 0.261189 -0.146508 -0.138388 0.526977 0.306793 -0.256339 -0.255057 0.101756 -0.56256 -0.256777
internal_weight=52395 39249 13314 25935 2565 1639 10749 13146 926 18203 14209 3994 9018 1731 7732 7568 3310 110 3200 3175 89 164 9836 9795 47 41 9748
internal_count=52395 39249 13314 25935 2565 1639 10749 13146 926 18203 14209 3994 9018 1731 7732 7568 3310 110 3200 3175 89 164 9836 9795 47 41 9748
is_linear=0
shrinkage=0.1


Tree=34
num_leaves=26
num_cat=0
split_feature=22 16 21 22 2 5 28 12 21 24 25 6 26 5 29 8 23 22 12 25 26 9 11 24 24
split_gain=72374.3 12863.1 5616.79 5354.25 4098.98 5114.54 3545.97 3494.03 3474.97 3377.22 3155.63 3526.94 2703.75 2408.26 2144.74 2030.32 2621.14 3064.93 1716.51 1528.67 687.532 491.71 558.019 352.879 382.29
threshold=79.609050000000011 873.78400000000011 44.805542054794515 148.77264545304234 6.5000000000000009 71.597200000000001 104.38180000000001 430.79000000000002 137.47594950396828 22.856572990345011 10.216025099598658 141.15619444444448 101.79960000000001 118.70410000000001 140.62684444444446 31.378433027522942 15.848650735727825 77.878383333333346 441.16888888888894 28.456210090298551 13.754200000000003 70.874600000000015 433.88285714285718 15.40602599935535 13.016214879289006
decision_type=2 2 2 2 2 2 2 2 2 2 2 2 2 2 2 2 2 2 2 2 2 2 2 2 2
left_child=2 6 20 4 -3 -6 7 9 18 -2 14 -12 -10 -9 -8 -4 19 -18 -5 -17 23 22 -22 24 -1
right_child=1 3 15 8 5 -7 10 13 12 -11 11 -13 -14 -15 -16 16 17 -19 -20 -21 21 -23 -24 -25 -26
leaf_value=-0.2359299790794781 -0.024080375644485758 -1.2417617689479483 0.72207860590950146 0.65622029713419983 1.4744592061532398 0.12156029351346725 0.21225751446017738 0.064667900768229994 1.1489068222045897 -0.42817615517327251 -0.055967239408305738 0.45339781257510192 0.26092116519735942 -0.081514355376831799 0.62819689516452892 -0.073216492288757026 -0.2689948188276583 -1.3362692590057852 1.7422319330952385 0.61056983627266059 0.28636330321983056 -0.54325418915067403 -0.17133960827855826 -0.59045835477965214 0.18144404332746158
leaf_weight=8831 8463 22 31 43 28 13765 316 10747 35 212 609 175 1688 1259 204 3529 261 30 22 33 27 35 1980 28 22
leaf_count=8831 8463 22 31 43 28 13765 316 10747 35 212 609 175 1688 1259 204 3529 261 30 22 33 27 35 1980 28 22
internal_value=-4.9049e-10 0.073766 -0.187257 0.143206 0.122131 0.124307 0.024484 0.0143994 0.306036 -0.0339557 0.184422 0.0577303 0.278959 0.0493386 0.375434 -0.083971 -0.0904562 -0.379023 1.02379 -0.0668816 -0.223984 -0.171662 -0.165182 -0.236014 -0.234893
internal_weight=52395 37588 14807 15603 13815 13793 21985 20681 1788 8675 1304 784 1723 12006 520 3884 3853 291 65 3562 10923 2042 2007 8881 8853
internal_count=52395 37588 14807 15603 13815 13793 21985 20681 1788 8675 1304 784 1723 12006 520 3884 3853 291 65 3562 10923 2042 2007 8881 8853
is_linear=0
shrinkage=0.1


Tree=35
num_leaves=25
num_cat=0
split_feature=26 4 6 2 0 6 14 4 4 22 4 0 18 27 16 25 17 19 10 25 21 5 6 17
split_gain=59395.1 10161.2 6790.9 4742.6 5836.26 4263.5 4242.09 3918.59 3832.59 4524.83 4661.08 3511.7 3584.54 3161.37 2916.5 2795.58 2544.97 2331.48 1961.49 1746.09 3813.16 2120.28 1128.07 772.032
threshold=68.113600000000005 138.17283333333336 44.617910684931509 10.500000000000002 20.500000000000004 105.60200000000002 57.670833333333334 210.27833333333336 151.21920000000003 114.27287083333334 122.58414444444445 16.500000000000004 1053.8875444444445 143.15050000000002 876.45620000000008 28.456210090298551 687.23810000000014 118.4987666666669 431.8633333333334 29.351787511223254 65.697225000000017 44.826510684931513 126.53030000000003 470.7059000000001
decision_type=2 2 2 2 2 2 2 2 2 2 2 2 2 2 2 2 2 2 2 2 2 2 2 2
left_child=2 5 19 4 15 11 14 -6 9 13 -11 17 -13 -4 -5 -3 22 -2 -18 20 23 -21 -7 -1
right_child=1 3 8 6 7 16 -8 -9 -10 10 -12 12 -14 -15 -16 -17 18 -19 -20 21 -22 -23 -24 -25
leaf_value=-0.20528495771497038 -0.015383027000337921 0.097457056075453116 -0.066328397028920391 -0.48749514193761923 0.32506953671679084 0.45989378415200177 1.6223420610794657 1.5471995578871836 -1.4530624267458916 1.1968124625938279 -0.30144713502941711 0.10393075776021483 -0.51122366521776341 -0.57263164962567981 0.35880157989683154 -0.35837558035256595 0.033040862371214078 -0.59037009750453517 0.10772469083242631 -0.30158354668390186 -1.5858448290824891 1.0882073708202529 -0.1714277158927871 0.27199886693235709
leaf_weight=10551 10442 2938 5811 42 927 245 26 27 20 56 33 4039 97 126 1337 141 5462 71 9874 21 20 23 32 34
leaf_count=10551 10442 2938 5811 42 927 245 26 27 20 56 33 4039 97 126 1337 141 5462 71 9874 21 20 23 32 34
internal_value=-3.34895e-10 0.0728098 -0.155694 0.198664 0.143544 0.0501941 0.356885 0.359658 -0.0710508 -0.066464 0.641278 0.0114439 0.0895038 -0.0770736 0.333026 0.0765826 0.0865517 -0.0192662 0.0811256 -0.20375 -0.206358 0.424898 0.386961 -0.203752
internal_weight=52395 35700 16695 5438 4033 30262 1405 954 6046 6026 89 14649 4136 5937 1379 3079 15613 10513 15336 10649 10605 44 277 10585
internal_count=52395 35700 16695 5438 4033 30262 1405 954 6046 6026 89 14649 4136 5937 1379 3079 15613 10513 15336 10649 10605 44 277 10585
is_linear=0
shrinkage=0.1


Tree=36
num_leaves=26
num_cat=0
split_feature=16 16 21 14 23 13 17 20 0 21 5 2 7 12 13 13 26 4 23 29 0 17 22 23 25
split_gain=48165.8 9777.75 4352.51 4077.38 3205.62 3184.41 2888.34 3035.83 2531.17 2468.55 2354.52 2293.76 2275.08 2250.36 4177.88 2513.45 2159.51 592.008 647.03 1136.11 1051.08 389.157 289.951 756.354 108.339
threshold=546.47410000000013 1021.0303250000001 103.05389814814816 48.922500000000007 13.580538853716401 26.341428571428576 767.04750000000001 92.054174074074098 1.0000000180025095e-35 116.46643935185186 58.310200000000016 9.5000000000000018 19.767724163027662 436.99000000000007 49.077500000000008 54.042222222222229 155.07033333333337 94.209400000000002 8.6103606721166113 132.90740000000002 19.500000000000004 326.17710000000005 4.9674440197543168 6.1057673869977087 4.7435955199358792
decision_type=2 2 2 2 2 2 2 2 2 2 2 2 2 2 2 2 2 2 2 2 2 2 2 2 2
left_child=12 2 4 5 11 16 9 -8 -7 -4 -6 -2 21 15 -15 -5 -3 18 19 -14 -20 22 24 -24 -1
right_child=1 3 6 13 10 8 7 -9 -10 -11 -12 -13 17 14 -16 -17 -18 -19 20 -21 -22 -23 23 -25 -26
leaf_value=-0.19906529686187568 0.040463415609636899 0.61383184451991935 0.095584551346092617 0.03416961415960458 0.36282866580978684 0.45075744846442217 1.1706729984531801 0.044945684386775243 0.016972012217317162 0.28527776112352482 -0.156249650066449 -0.04708887077015507 -0.087270418001236916 0.49382785923859002 0.2074966225211628 0.31364195307095843 -0.35480057332250808 0.44694583803415305 -0.21641765785457043 0.32335573780363891 0.24197648388368115 -0.51590089036358733 -0.16828043157406222 0.37297506487140292 -0.39982536280596698
leaf_weight=6054 8827 156 2309 1045 92 142 24 13006 2552 976 1742 4527 2869 652 2333 465 27 20 679 69 54 36 3686 26 27
leaf_count=6054 8827 156 2309 1045 92 142 24 13006 2552 976 1742 4527 2869 652 2333 465 27 20 679 69 54 36 3686 26 27
internal_value=1.62364e-11 0.0565428 0.0322823 0.160216 -0.00624226 0.067257 0.0681456 0.0470192 0.0398367 0.151944 -0.130211 0.0107832 -0.162582 0.219714 0.270039 0.120232 0.470919 -0.0956405 -0.0985966 -0.0776267 -0.182648 -0.187719 -0.186513 -0.164489 -0.199957
internal_weight=52395 38875 31503 7372 15188 2877 16315 13030 2694 3285 1834 13354 13520 4495 2985 1510 183 3691 3671 2938 733 9829 9793 3712 6081
internal_count=52395 38875 31503 7372 15188 2877 16315 13030 2694 3285 1834 13354 13520 4495 2985 1510 183 3691 3671 2938 733 9829 9793 3712 6081
is_linear=0
shrinkage=0.1


Tree=37
num_leaves=25
num_cat=0
split_feature=26 6 28 16 5 18 15 15 0 8 18 9 13 10 15 7 27 27 18 4 16 2 8 25
split_gain=39492.8 7231.96 4553.62 4530.79 4522.36 4178.28 4604.52 5282.83 3705.16 3643.3 3508.35 3284.02 2519.92 2361.96 2107.22 2078.13 2887.25 3673.58 1999.84 1910.14 2991.96 1707.91 1176.22 967.083
threshold=68.113600000000005 119.10660000000003 48.45170000000001 1518.4597428571431 134.90111428571433 1330.3330000000003 53.221111111111121 48.305555555555564 18.500000000000004 116.93730000000001 1271.1114750000002 166.83672222222228 12.263333333333335 677.03000000000009 12.263333333333335 134.35410000000002 155.87005000000002 158.08540000000002 1034.4314000000002 122.95400000000002 951.9036000000001 9.5000000000000018 69.278955555555569 31.521711639370682
decision_type=2 2 2 2 2 2 2 2 2 2 2 2 2 2 2 2 2 2 2 2 2 2 2 2
left_child=2 5 9 12 -5 8 7 -7 10 19 -2 -6 14 -14 -3 16 21 -18 -10 20 -1 -4 -21 -11
right_child=1 3 15 4 11 6 -8 -9 18 23 -12 -13 13 -15 -16 -17 17 -19 -20 22 -22 -23 -24 -25
leaf_value=-0.16536524652496754 0.0043601001669825983 0.10320228479022897 0.022707414533120439 1.8554598271846772 0.14995572676573099 -1.1169318465391795 -2.0234966078400611 0.89747186481304786 0.1239496619746074 1.2164755111390895 0.96624972381089869 0.8005199022653724 0.12383149676832453 0.010557941137499385 1.0493972074527007 0.7449872090960995 -1.794201368661154 -0.21811739563941956 -0.15276584264641402 -0.33261139717969029 0.51498067264373482 -0.097051233116975749 -1.3922123688459398 0.27883675464174967
leaf_weight=11647 17694 43 2208 22 223 30 20 23 4315 22 38 119 10616 2227 52 33 21 50 278 22 65 2585 20 22
leaf_count=11647 17694 43 2208 22 223 30 20 23 4315 22 38 119 10616 2227 52 33 21 50 278 22 65 2585 20 22
internal_value=4.93815e-10 0.0593708 -0.126957 0.117774 0.46572 0.0246854 -0.730631 -0.242757 0.0271552 -0.160604 0.00642145 0.376322 0.107985 0.10419 0.62112 -0.0458932 -0.051259 -0.684283 0.107201 -0.164003 -0.161589 -0.0418818 -0.837183 0.747656
internal_weight=52395 35700 16695 13302 364 22398 73 53 22325 11798 17732 342 12938 12843 95 4897 4864 71 4593 11754 11712 4793 42 44
internal_count=52395 35700 16695 13302 364 22398 73 53 22325 11798 17732 342 12938 12843 95 4897 4864 71 4593 11754 11712 4793 42 44
is_linear=0
shrinkage=0.1


Tree=38
num_leaves=28
num_cat=0
split_feature=16 16 11 28 4 19 17 23 7 29 22 5 4 23 6 26 4 8 15 22 18 5 27 16 6 8 8
split_gain=32039.7 6356.72 4365.63 3595.17 3289.3 6347.61 3874.18 2909.56 2700.99 3293.12 2169.77 2082.35 3681.24 2632.87 1865.22 1604.58 1502.51 1384.15 3753.08 2347.37 2113.75 1174.29 735.493 727.301 672.28 634.356 615.577
threshold=608.13420000000008 1165.075 436.8366666666667 43.976900000000008 113.8456 119.79510000000006 1216.9235000000001 12.888092743536991 133.26260000000002 175.05378571428574 58.5881212962963 111.18500000000002 140.43695000000002 33.568982709405596 163.61080000000001 89.4054 112.5362777777778 81.276500000000013 47.34142857142858 89.928180092592598 710.39160000000004 97.201900000000009 125.87298888888888 598.76980000000015 113.20530000000001 123.36120000000001 74.172600000000003
decision_type=2 2 2 2 2 2 2 2 2 2 2 2 2 2 2 2 2 2 2 2 2 2 2 2 2 2 2
left_child=3 2 7 17 5 6 -3 16 9 -4 -9 12 -6 -13 -10 21 -2 20 19 -19 26 24 -17 -23 -5 -24 -1
right_child=1 4 8 15 11 -7 -8 10 14 -11 -12 13 -14 -15 -16 22 -18 18 -20 -21 -22 23 25 -25 -26 -27 -28
leaf_value=-0.14721314425978185 0.0054137198259785087 0.9439975902951997 0.069986221838342494 -0.048268891167643206 0.18402529816542354 2.1905812539160254 -0.86515083789825453 0.78189205050468447 0.14244381486844801 -0.19338152061795311 -0.071578181390816495 0.17945330911315979 1.5567751269539198 -0.42521868090371834 0.42942745892571343 0.8753410947322845 0.07747932329459041 0.39053240726734034 1.413590936238567 -1.0177003449201585 -0.90555444690021314 -0.18670261193616877 -0.091907652094960213 -0.62746597337722787 -0.62906736910343175 0.44237710770964622 -0.62530013676042917
leaf_weight=10691 8492 29 12196 5664 56 24 20 30 2609 494 4210 2677 30 74 248 20 4388 29 21 20 37 149 40 50 20 50 27
leaf_count=10691 8492 29 12196 5664 56 24 20 30 2609 494 4210 2677 30 74 248 20 4388 29 21 20 37 149 40 50 20 50 27
internal_value=1.13108e-10 0.0537653 0.0411492 -0.113736 0.19539 0.858176 0.20557 0.00631222 0.0795109 0.0597338 -0.0655395 0.178336 0.662892 0.163188 0.167355 -0.0515967 0.0299653 -0.148137 0.295098 -0.184256 -0.151022 -0.0586722 0.326812 -0.297447 -0.0503125 0.204917 -0.148418
internal_weight=52395 35577 32667 16818 2910 73 49 17120 15547 12690 4240 2837 86 2751 2857 5993 12880 10825 70 49 10755 5883 110 199 5684 90 10718
internal_count=52395 35577 32667 16818 2910 73 49 17120 15547 12690 4240 2837 86 2751 2857 5993 12880 10825 70 49 10755 5883 110 199 5684 90 10718
is_linear=0
shrinkage=0.1


Tree=39
num_leaves=26
num_cat=0
split_feature=26 16 0 28 14 19 8 9 22 4 27 13 12 7 4 26 17 5 8 19 18 12 26 9 9
split_gain=26484.6 5257.73 3547.33 3033.02 2897.58 2833.98 2799.24 2352.26 3393.77 5136.98 5110.48 2340.75 2629.14 2280.93 2953.96 2274.01 4158.49 3317.28 2015.26 3943.03 2845.99 1949.37 1859.09 1668.9 993.849
threshold=68.40300000000002 1025.3919111111115 20.500000000000004 48.45170000000001 48.922500000000007 155.23912962962982 116.93730000000001 160.68100000000001 116.38118240740742 124.90510000000002 155.87005000000002 26.341428571428576 407.93392857142862 88.476300000000009 125.7283 98.333300000000023 697.44680000000005 126.14960000000002 77.324100000000001 55.926266666666855 1085.6597571428574 436.99000000000007 155.07033333333337 145.34310000000002 103.70184444444446
decision_type=2 2 2 2 2 2 2 2 2 2 2 2 2 2 2 2 2 2 2 2 2 2 2 2 2
left_child=3 2 15 6 11 23 18 8 10 -10 -5 22 -13 14 -6 17 -17 -2 20 -20 -1 -15 -3 -4 -8
right_child=1 4 5 7 13 -7 24 -9 9 -11 -12 12 -14 21 -16 16 -18 -19 19 -21 -22 -23 -24 -25 -26
leaf_value=-0.13015981368317847 0.0081417100197501702 0.53496323367953302 0.10334673815291756 -0.033627536094144504 0.072743955112638925 1.2069174791375796 0.18994498730383136 -1.0475935706625814 1.3569198404039655 -0.39171625439609803 -1.059920504993322 -0.75395876917728166 0.034705345251520012 0.07488282103818332 1.7500309117493176 0.45752586061688022 0.050477186522467514 -0.18734040576455141 0.18147382818876881 -0.70717639026196699 1.0350470961559386 0.21881315977352572 -0.36641895881405584 0.47835232451921555 1.1404706218025902
leaf_weight=11502 17285 150 3374 4951 21 24 22 23 42 28 49 43 2489 1412 21 261 6539 914 73 158 21 2821 27 123 22
leaf_count=11502 17285 150 3374 4951 21 24 22 23 42 28 49 43 2489 1412 21 261 6539 914 73 158 21 2821 27 123 22
internal_value=7.71552e-11 0.0490389 0.0299958 -0.103077 0.126804 0.123969 -0.130919 -0.038582 -0.0340046 0.657465 -0.0436852 0.0458887 0.0213118 0.178078 0.911387 0.0167601 0.0661007 -0.0016759 -0.133899 -0.426348 -0.128036 0.170802 0.397464 0.116537 0.665208
internal_weight=52395 35504 28520 16891 6984 3521 11798 5093 5070 70 5000 2709 2532 4275 42 24999 6800 18199 11754 231 11523 4233 177 3497 44
internal_count=52395 35504 28520 16891 6984 3521 11798 5093 5070 70 5000 2709 2532 4275 42 24999 6800 18199 11754 231 11523 4233 177 3497 44
is_linear=0
shrinkage=0.1


Tree=40
num_leaves=19
num_cat=0
split_feature=22 16 16 10 5 6 5 0 0 9 7 5 2 18 18 4 22 4
split_gain=21625.5 5074.57 2997.04 2930.16 5587.64 2274.5 4486.6 2223.72 4071.14 2193.91 2212.24 1943.11 1925.4 1583.31 3489.14 1860.41 1675.71 1553.27
threshold=79.609050000000011 873.78400000000011 1518.4597428571431 559.49750000000006 134.90111428571433 67.576900000000009 71.597200000000001 16.500000000000004 14.500000000000002 84.436900000000009 60.713733333333344 148.61225000000005 8.5000000000000018 984.57457142857152 887.87090000000001 119.47210000000001 19.739576014125507 113.51430000000002
decision_type=2 2 2 2 2 2 2 2 2 2 2 2 2 2 2 2 2 2
left_child=13 7 5 4 -4 -3 -7 8 11 17 -11 -2 -10 14 15 16 -1 -9
right_child=1 2 3 -5 -6 6 -8 9 12 10 -12 -13 -14 -15 -16 -17 -18 -19
leaf_value=-0.126736689733597 0.01366047887040394 -0.74005403308307427 1.8027460933263815 -0.48802635613325479 0.3301366503439821 1.3666918611084975 0.076473628340321842 -0.01058447221948028 -0.040550491164332014 -0.88114759403726328 0.10213433637525622 -0.48689159470108845 -0.22174245799976747 0.54230419256185225 -1.2397611721246333 -1.0657555592060088 -0.057031133984907049 -0.3727002149982046
leaf_weight=9208 13534 34 28 37 323 27 15154 1449 1164 23 4426 78 1182 38 27 20 5514 129
leaf_count=9208 13534 34 28 37 323 27 15154 1449 1164 23 4426 78 1182 38 27 20 5514 129
internal_value=2.83336e-10 0.0403225 0.0839373 0.358387 0.44761 0.0769386 0.0787683 0.00936857 -0.0101765 0.0611191 0.0970511 0.0107922 -0.131842 -0.10236 -0.104019 -0.101938 -0.100629 -0.0401871
internal_weight=52395 37588 15603 388 351 15215 15181 21985 15958 6027 4449 13612 2346 14807 14769 14742 14722 1578
internal_count=52395 37588 15603 388 351 15215 15181 21985 15958 6027 4449 13612 2346 14807 14769 14742 14722 1578
is_linear=0
shrinkage=0.1


Tree=41
num_leaves=23
num_cat=0
split_feature=6 0 2 0 2 5 4 2 25 19 2 29 22 17 22 16 25 25 20 9 20 23
split_gain=17926.9 3706.95 5439.02 6369.67 4171.06 3714.92 3597.12 3416.07 3050.09 2717.83 2384.01 2807.12 2135.7 2432.76 3260.86 2099.39 2013.54 1872 1687.17 629.758 637.809 270.566
threshold=87.6845 20.500000000000004 10.500000000000002 5.5000000000000009 9.5000000000000018 210.27833333333336 210.27833333333336 6.5000000000000009 28.456210090298551 179.45808518518547 10.500000000000002 191.77420000000004 129.79652676917993 769.84020000000021 121.73776064814817 1299.9466666666669 15.376475729533217 35.273738004695637 104.02047962962963 78.22020000000002 56.758883333333344 7.9154850569029342
decision_type=2 2 2 2 2 2 2 2 2 2 2 2 2 2 2 2 2 2 2 2 2 2
left_child=7 2 4 15 8 -5 10 17 -2 -6 16 -12 13 18 -15 -4 -3 19 -9 20 -1 -21
right_child=1 6 3 5 9 -7 -8 12 -10 -11 11 -13 -14 14 -16 -17 -18 -19 -20 21 -22 -23
leaf_value=-0.10771381383496084 0.043507926581288062 0.10062000302935564 0.26385191055421298 0.069225803595978172 -0.057228299979125569 -0.92685360516372484 1.2824525391613997 -0.023529467082545216 -0.287967670776267 -1.0821311019934141 -0.016011469484659733 -0.85920904782083307 1.0036756137013436 -0.20337267047898944 -1.5115566265583038 0.58528784145928514 0.2539756886662955 -1.0766836269013584 0.49171806076192298 -0.27843748547970071 0.31388993346028859 -0.69832886599359068
leaf_weight=10986 17764 2849 985 2551 5324 38 27 9075 282 26 322 45 20 403 20 256 1224 20 64 57 36 21
leaf_count=10986 17764 2849 985 2551 5324 38 27 9075 282 26 322 45 20 403 20 256 1224 20 64 57 36 21
internal_value=5.79919e-11 0.0472751 0.0334221 0.143891 0.0153381 0.0546059 0.131708 -0.0723742 0.038328 -0.0622091 0.12471 -0.119401 -0.0286137 -0.0307729 -0.265225 0.330159 0.146706 -0.110082 -0.0199212 -0.108341 -0.106337 -0.391485
internal_weight=52395 31693 27226 3830 23396 2589 4467 20702 18046 5350 4440 367 9582 9562 423 1241 4073 11120 9139 11100 11022 78
internal_count=52395 31693 27226 3830 23396 2589 4467 20702 18046 5350 4440 367 9582 9562 423 1241 4073 11120 9139 11100 11022 78
is_linear=0
shrinkage=0.1


Tree=42
num_leaves=28
num_cat=0
split_feature=16 16 4 19 17 26 15 26 21 29 22 4 19 10 10 25 12 8 22 4 2 26 5 20 28 19 28
split_gain=14998.3 3226.37 2708.69 4960.04 3108.37 2671.28 2448.79 2482.27 2351.37 2345.24 2243.76 2392.42 2091.66 1938.14 2573.81 2171.62 1581.9 1401.31 2114.09 2045.08 1281.52 1566.36 1983.91 1119.69 915.056 2624.48 839.782
threshold=668.67230000000006 1165.075 113.8456 119.79510000000006 1216.9235000000001 50.722350000000013 65.136666666666684 128.8547916666667 78.131458333333342 175.05378571428574 58.5881212962963 66.574500000000015 59.169566666666988 410.74777777777786 433.34142857142865 24.103137991751584 572.8900000000001 82.975100000000012 77.310304166666683 44.826510684931513 9.5000000000000018 98.333300000000023 108.25040000000001 118.2994300925926 84.166700000000006 111.66224074074098 74.242400000000018
decision_type=2 2 2 2 2 2 2 2 2 2 2 2 2 2 2 2 2 2 2 2 2 2 2 2 2 2 2
left_child=5 6 3 4 -3 8 10 9 17 -8 -2 -12 -10 15 -15 -4 -9 18 -1 -19 21 22 -7 -23 26 -26 -22
right_child=1 2 13 -5 -6 20 7 16 12 -11 11 -13 -14 14 -16 -17 -18 19 -20 -21 24 23 -24 -25 25 -27 -28
leaf_value=-0.095471084065449824 0.79185138587888915 0.83022149883467589 -0.047374843356424362 1.9234800782054664 -0.79028370380401614 -0.0010439316821658797 0.12626070995772651 1.1142942696064713 -0.047545378406842552 -0.3334264340071843 0.70046869678279533 0.021484950703942147 -1.3782279164702804 -0.02047114084054695 0.18384886986844801 1.0575794779412124 0.24059086428132168 1.0133422953741891 -1.0766996464946055 -0.10682057329477408 -0.079688666092316673 0.70359329768255652 -0.37507458806551736 0.11220243950049545 0.4235625159968664 -0.43178852267985079 -0.28526655894324737
leaf_weight=11379 38 29 29 24 20 6446 2567 40 21 116 52 25523 27 929 1833 46 43 28 22 39 2482 51 145 86 111 53 216
leaf_count=11379 38 29 29 24 20 6446 2567 40 21 116 52 25523 27 929 1833 46 43 28 22 39 2482 51 145 86 111 53 216
internal_value=1.7759e-10 0.0439424 0.144222 0.745675 0.168791 -0.0651432 0.0336596 0.123048 -0.0976082 0.106386 0.0240064 0.0228655 -0.796054 0.128746 0.115126 0.63033 0.661653 -0.0946848 -0.0973645 0.361307 -0.0261581 -0.00231604 -0.00927249 0.332355 -0.0822062 0.147138 -0.0961471
internal_weight=52395 31289 2910 73 49 21106 28379 2766 11516 2683 25613 25575 48 2837 2762 75 83 11468 11401 67 9590 6728 6591 137 2862 164 2698
internal_count=52395 31289 2910 73 49 21106 28379 2766 11516 2683 25613 25575 48 2837 2762 75 83 11468 11401 67 9590 6728 6591 137 2862 164 2698
is_linear=0
shrinkage=0.1


Tree=43
num_leaves=26
num_cat=0
split_feature=16 6 11 17 29 10 23 5 23 5 26 12 28 11 28 19 6 17 15 6 13 16 10 4 16
split_gain=12222.1 2795.73 2588.63 3263.91 3152.42 2717.73 2224.79 2371.46 2069.58 1930.81 2831.24 2115.59 1874.96 1784.61 1705.06 2427.11 2103.95 1004.78 1018.42 944.886 903.065 885.925 844.873 712.255 626.549
threshold=640.11220000000014 152.87855555555561 436.8366666666667 1271.1114750000002 172.68794285714287 671.24111111111119 16.007505251681767 116.93730000000001 4.0308958803273418 135.47662857142862 97.404500000000013 409.07000000000005 146.18322222222227 405.01000000000005 30.025800000000004 70.724233333333487 68.391700000000014 626.49490000000014 32.905555555555559 99.835700000000017 32.905555555555559 567.31010000000015 715.97000000000014 52.081300000000006 550.80860000000018
decision_type=2 2 2 2 2 2 2 2 2 2 2 2 2 2 2 2 2 2 2 2 2 2 2 2 2
left_child=14 2 6 5 -5 -4 13 -8 12 10 -10 -11 -3 -2 15 16 23 19 20 21 -19 -16 -20 -1 -21
right_child=1 8 3 4 -6 -7 7 -9 9 11 -12 -13 -14 -15 17 -17 -18 18 22 24 -22 -23 -24 -25 -26
leaf_value=-0.089625420664499911 0.34182802727728179 1.525999026298523 0.095705314382157472 0.10771944987709109 -0.6717444555693064 0.0054271789875320331 0.0062351351492291769 -0.2104763047129502 -0.2984256031561871 -0.46172473827997851 0.546128055909604 0.11406580170436292 0.29173752851784229 0.011026503717882011 -0.044011177909033944 -1.140264574506066 0.80963033099587156 -0.14935748563256376 -0.072934449857445099 0.82921094119548799 -0.60189567919987352 0.034759575557394076 0.5005199255851599 -0.56966992075885503 0.16695380166172982
leaf_weight=10427 165 20 9566 92 119 5119 1058 966 49 66 209 1925 32 14037 3670 22 26 129 2167 20 67 2337 26 31 50
leaf_count=10427 165 20 9566 92 119 5119 1058 966 49 66 209 1925 32 14037 3670 22 26 129 2167 20 67 2337 26 31 50
internal_value=7.6805e-11 0.0363883 0.0285242 0.0586246 -0.331883 0.0642355 0.000890997 -0.0971953 0.142754 0.128333 0.385728 0.0949788 0.766453 0.0148698 -0.0641053 -0.0910165 -0.0888147 -0.0307094 -0.0856549 -0.0091091 -0.304052 -0.0133657 -0.0661356 -0.0910484 0.35617
internal_weight=52395 33423 31122 14896 211 14685 16226 2024 2301 2249 258 1991 52 14202 18972 10506 10484 8466 2389 6077 196 6007 2193 10458 70
internal_count=52395 33423 31122 14896 211 14685 16226 2024 2301 2249 258 1991 52 14202 18972 10506 10484 8466 2389 6077 196 6007 2193 10458 70
is_linear=0
shrinkage=0.1


Tree=44
num_leaves=18
num_cat=0
split_feature=6 13 0 2 0 24 4 15 22 29 24 27 15 15 10 24 11
split_gain=10194.7 3194.7 2977.15 3550.25 5192.49 3626.52 2575.22 1942.54 1821.14 2726.1 1854.12 2100.25 1937.27 1377.2 3925.23 1606.19 1505.98
threshold=87.6845 16.952832733812954 20.500000000000004 10.500000000000002 15.500000000000002 26.883272863729257 210.27833333333336 59.621111111111126 129.79652676917993 191.77420000000004 31.876659904408154 155.87005000000002 46.442222222222235 12.263333333333335 447.2675000000001 18.888691824532028 434.2000000000001
decision_type=2 2 2 2 2 2 2 2 2 2 2 2 2 2 2 2 2
left_child=8 13 3 5 -5 -3 7 -4 9 10 11 -1 -12 15 16 -2 -15
right_child=1 2 6 4 -6 -7 -8 -9 -10 -11 12 -13 -14 14 -16 -17 -18
leaf_value=-0.054209537722945192 -0.38149736008473806 0.011138488789595571 0.069306226938745316 0.17077387018175608 -0.12352595202917466 -0.31183684318096883 1.0825807716559481 0.23314058987012812 0.89919842123985294 -1.0596667468547822 0.047610672563314443 -0.68452321628354629 1.1952198452005784 0.79063092066595964 1.9345246684551238 0.56985613743567631 -0.0015123510267585516
leaf_weight=20540 35 22972 3520 2972 751 353 27 911 20 27 38 53 24 48 20 36 48
leaf_count=20540 35 22972 3520 2972 751 353 27 911 20 27 38 53 24 48 20 36 48
internal_value=-2.03287e-11 0.0356507 0.0332046 0.0207249 0.111408 0.00625059 0.108923 0.10299 -0.0545781 -0.0555004 -0.0541878 -0.0558318 0.491846 0.447757 0.660071 0.100879 0.394559
internal_weight=52395 31693 31506 27048 3723 23325 4458 4431 20702 20682 20655 20593 62 187 116 71 96
internal_count=52395 31693 31506 27048 3723 23325 4458 4431 20702 20682 20655 20593 62 187 116 71 96
is_linear=0
shrinkage=0.1


Tree=45
num_leaves=21
num_cat=0
split_feature=16 16 18 17 8 11 22 10 5 26 17 17 6 17 24 26 6 5 25 13
split_gain=8585.68 2275.59 2649.65 2229.25 2423.97 4054.56 2915.04 1761.7 2086.05 1735.84 2430.16 2425.77 2081.39 1468.6 1326.92 1357.71 1254.23 988.587 890.089 556.25
threshold=684.70530000000008 1518.4597428571431 1165.075 502.82790000000006 52.081300000000006 427.16888888888894 82.541438095238121 559.49750000000006 134.90111428571433 50.722350000000013 702.40120000000013 671.41120000000012 98.514100000000013 605.00370000000009 25.905757781677043 98.333300000000023 107.91770000000001 97.201900000000009 25.69247661553506 54.667500000000004
decision_type=2 2 2 2 2 2 2 2 2 2 2 2 2 2 2 2 2 2 2 2
left_child=9 3 19 -2 5 -5 -6 8 -4 10 11 13 -12 -1 15 17 -17 -11 -16 -3
right_child=1 2 7 4 6 -7 -8 -9 -10 14 12 -13 -14 -15 18 16 -18 -19 -20 -21
leaf_value=-0.070246733593243571 -1.0237374877929688 0.6663567869559579 1.2169770768710546 -0.09289399776193831 -0.142256798935192 1.2818535323777214 0.036520533410353884 -0.52466928325593476 0.18496843808909871 -0.0095264421123620914 -1.2410773365786583 0.82729862675070764 -0.031417041063308719 -0.52330653050707443 -0.033540133548819503 0.78788356855511665 0.12695808031710026 -0.10261459513099586 -0.84910611237864941 1.3782059558800288
leaf_weight=11379 20 23 21 45 942 41 28689 32 291 9118 33 30 25 72 23 33 221 1304 32 21
leaf_count=11379 20 23 21 45 942 41 28689 32 291 9118 33 30 25 72 23 33 221 1304 32 21
internal_value=2.73321e-10 0.0348048 0.275416 0.0316654 0.0323757 0.562509 0.030837 0.181956 0.254431 -0.047081 -0.0740045 -0.0707427 -0.719672 -0.0730954 -0.0181303 -0.0156064 0.212826 -0.0211736 -0.508051 1.0061
internal_weight=52395 30125 388 29737 29717 86 29631 344 312 22270 11539 11481 58 11451 10731 10676 254 10422 55 44
internal_count=52395 30125 388 29737 29717 86 29631 344 312 22270 11539 11481 58 11451 10731 10676 254 10422 55 44
is_linear=0
shrinkage=0.1


Tree=46
num_leaves=18
num_cat=0
split_feature=9 17 13 23 16 27 18 13 23 4 7 0 6 7 14 23 24
split_gain=7157.36 2945.9 2821.67 3960.47 2811.45 5827.69 2388.69 2385.85 2511.85 2293.3 2060.52 1887.48 2346 1340.73 1240.18 1129.02 1090.24
threshold=82.975100000000012 1407.9813555555559 79.533100436681238 20.013327990778532 1407.9813555555559 155.13762500000004 1366.5122000000003 12.263333333333335 20.974599651909994 127.89675555555557 133.26260000000002 21.500000000000004 142.69363888888893 131.16370000000003 86.070000000000007 14.911659598068162 19.127535281227477
decision_type=2 2 2 2 2 2 2 2 2 2 2 2 2 2 2 2 2
left_child=1 10 4 6 7 -6 14 16 -9 -7 13 12 -12 15 -4 -1 -2
right_child=2 -3 3 -5 5 9 -8 8 -10 -11 11 -13 -14 -15 -16 -17 -18
leaf_value=-0.04619632462049466 0.21993493691489505 -1.0755934736026187 0.17604278849358007 1.6462586760520936 1.517125556866328 1.1856015330269223 -0.83316419578733913 0.023363436483137934 -0.11612916461809264 0.12424351148497503 0.146517461371199 -0.43653179637847411 0.96008594477514064 -0.74398896523884372 0.60391508692077234 -0.17066600541272123 0.83186952664206426
leaf_weight=17193 74 28 350 20 33 21 21 31531 1346 666 107 31 53 28 84 761 48
leaf_count=17193 74 28 350 20 33 21 21 31531 1346 666 107 31 53 28 84 761 48
internal_value=-7.95418e-11 -0.0506593 0.0269652 0.268995 0.0235558 0.21904 0.208456 0.0192905 0.0176525 0.156687 -0.0490801 0.277641 0.416012 -0.0525504 0.258857 -0.0514721 0.460696
internal_weight=52395 18201 34194 475 33719 720 455 32999 32877 687 18173 191 160 17982 434 17954 122
internal_count=52395 18201 34194 475 33719 720 455 32999 32877 687 18173 191 160 17982 434 17954 122
is_linear=0
shrinkage=0.1


Tree=47
num_leaves=30
num_cat=0
split_feature=16 0 26 29 5 0 0 2 2 26 5 15 8 23 17 25 16 26 7 25 29 26 6 26 15 19 5 13 23
split_gain=6185.86 1946.53 2951.46 3845.79 2961.61 2740.13 4334.36 5626.13 3311.47 3423.02 2968.4 2267.93 1971.26 1374.2 2409.82 1972.17 2385.81 1515.76 1420.23 1744.43 928.637 773.496 1151.63 926.959 729.206 712.43 171.331 491.849 306.485
threshold=684.70530000000008 20.500000000000004 59.951100000000004 125.61330000000002 77.775400000000005 11.500000000000002 6.5000000000000009 10.500000000000002 7.5000000000000009 155.07033333333337 210.27833333333336 72.767500000000027 77.324100000000001 20.974599651909994 710.38870000000009 22.47216565523162 591.93110000000013 12.114000000000003 106.24060000000001 20.650945335133692 118.75493333333334 98.333300000000023 107.91770000000001 94.985800000000012 45.882857142857155 89.72730000000017 19.767724163027662 49.482857142857149 6.7783569645960826
decision_type=2 2 2 2 2 2 2 2 2 2 2 2 2 2 2 2 2 2 2 2 2 2 2 2 2 2 2 2 2
left_child=13 5 3 -3 20 6 7 -2 12 -10 -8 -6 -7 17 18 25 -17 26 24 -20 -4 23 -23 -19 -15 -16 28 -28 -1
right_child=1 2 4 -5 11 8 10 -9 9 -11 -12 -13 -14 14 15 16 -18 21 19 -21 -22 22 -24 -25 -26 -27 27 -29 -30
leaf_value=-0.071545000471968864 -0.037929956429036203 0.38659137572560992 0.46504063095365256 -1.3660939339668521 0.07504081270282878 0.62560634556270789 0.10599482679040073 0.18171773366784627 -0.054036499641654939 -1.1071599762285911 -0.79198913044623431 0.40890717742633875 0.059381227332745493 0.061023504407175126 0.20869030922651294 -0.40187808394432073 -1.9109724445776508 -0.019235101178445565 -0.18333897079740252 1.1055983182220233 1.4054748251324609 0.70658477169997769 0.073268802008882375 -0.52734459138268397 -0.61440188482290869 -0.61595941158858214 0.13318814635276796 -0.46388773765112906 0.21310899748319856
leaf_weight=8194 7352 21 21 31 4132 63 7232 1386 7028 31 37 214 2556 31 20 20 22 13499 21 21 21 33 221 36 33 22 22 37 38
leaf_count=8194 7352 21 21 31 4132 63 7232 1386 7028 31 37 214 2556 31 20 20 22 13499 21 21 21 33 221 36 33 22 22 37 38
internal_value=-6.94861e-11 0.0295428 0.0906813 -0.658279 0.0995569 0.0189742 0.0443713 -0.00308998 -0.0230315 -0.0586614 0.101424 0.0914806 0.0730018 -0.039963 -0.307749 -0.707813 -1.19236 -0.0376587 0.0092822 0.46113 0.935258 -0.017342 0.15555 -0.0205866 -0.287243 -0.223269 -0.071448 -0.241249 -0.070231
internal_weight=52395 30125 4440 52 4388 25685 16007 8738 9678 7059 7269 4346 2619 22270 190 84 42 22080 106 42 42 13789 254 13535 64 42 8291 59 8232
internal_count=52395 30125 4440 52 4388 25685 16007 8738 9678 7059 7269 4346 2619 22270 190 84 42 22080 106 42 42 13789 254 13535 64 42 8291 59 8232
is_linear=0
shrinkage=0.1


Tree=48
num_leaves=21
num_cat=0
split_feature=16 16 10 10 10 5 10 5 8 22 13 1 17 17 23 9 25 21 18 26
split_gain=5086.2 2025.7 2130.68 4065.79 3156.15 2130.23 2124.78 2040.69 1885.63 2659.57 1844.04 1796.9 671.018 867.538 1307.54 947.112 826.83 1008.67 651.958 616.614
threshold=611.37240000000008 1612.2600000000002 435.81000000000006 437.46333333333331 436.99000000000007 193.75820000000002 422.42678571428576 64.015800000000013 127.45394444444446 168.37608043981484 76.126666666666679 3.5000000000000004 876.48090000000002 733.03000000000009 10.637776594875156 121.83932500000002 31.521711639370682 68.828502777777786 879.22244444444459 8.2924000000000024
decision_type=2 2 2 2 2 2 2 2 2 2 2 2 2 2 2 2 2 2 2 2
left_child=12 2 5 4 -4 7 -3 -2 -8 -10 -5 -7 13 16 -15 -16 19 -18 -14 -1
right_child=1 6 3 10 -6 11 8 -9 9 -11 -12 -13 18 14 15 -17 17 -19 -20 -21
leaf_value=-0.066333244734034458 0.40967009318914233 1.2043113044500353 0.036604873203774764 0.019294133623860201 0.29036141440078728 -0.1045672502865394 0.96614240093954984 -0.0058634081498096608 -0.58793893193089686 0.3554006527292029 0.17503477785778179 -1.2524891619682315 0.72993488149209462 0.20686904740960976 -0.65398744089262828 0.054423600196838388 0.91298410933930441 -0.016841363800423486 -0.058939801454544076 -0.02778541963790819
leaf_weight=7514 119 25 874 14950 1116 30 28 17274 43 98 801 25 22 38 77 25 20 28 20 9268
leaf_count=7514 119 25 874 14950 1116 30 28 17274 43 98 801 25 22 38 77 25 20 28 20 9268
internal_value=6.91386e-12 0.0216039 0.0198273 0.0442301 0.178913 -0.00498527 0.343854 -0.0030204 0.216567 0.0677155 0.0272142 -0.62635 -0.0449336 -0.0459217 -0.293824 -0.480357 -0.0438595 0.370586 0.35428 -0.0450449
internal_weight=52395 35383 35189 17741 1990 17448 194 17393 169 141 15751 55 17012 16970 140 102 16830 48 42 16782
internal_count=52395 35383 35189 17741 1990 17448 194 17393 169 141 15751 55 17012 16970 140 102 16830 48 42 16782
is_linear=0
shrinkage=0.1


Tree=49
num_leaves=23
num_cat=0
split_feature=6 7 5 20 4 23 22 26 24 9 5 22 21 24 26 16 2 13 22 13 10 6
split_gain=4302.64 2888.98 2053.01 3835.93 3326.17 2684.06 2854.74 2361.49 2414.82 2122.01 1870.51 2162.91 1801.84 2908.57 2125.32 1689.88 2015.35 1531.04 2231.03 1768.19 1362.06 894.014
threshold=105.60200000000002 156.31100000000004 121.01310000000002 123.71087407407408 140.43695000000002 23.67500693753049 110.47231574074077 69.055600000000013 26.883272863729257 69.278955555555569 129.29140000000004 124.49758768187833 91.950364814814819 31.876659904408154 69.055600000000013 511.16050000000007 9.5000000000000018 26.341428571428576 116.38118240740742 35.684444444444452 423.3633333333334 92.206600000000023
decision_type=2 2 2 2 2 2 2 2 2 2 2 2 2 2 2 2 2 2 2 2 2 2
left_child=1 10 4 7 12 6 -6 8 -4 -9 15 20 13 -2 -14 21 -17 18 -5 -19 -12 -1
right_child=2 -3 3 17 5 -7 -8 9 -10 -11 11 -13 14 -15 -16 16 -18 19 -20 -21 -22 -23
leaf_value=-0.050621104522683202 -0.098913229116135176 -0.97331085763871672 -1.1045200907665751 1.3051321995258331 -0.33449421763420106 1.5140160185950142 0.52228837530102046 0.73025229483610021 -0.019339776925138524 -0.088933079336367959 -1.1279994107269009 0.34148993806259054 0.49912775711741597 -1.3487162697315218 0.062616741726683051 0.02219172318361759 -0.046970032491842763 -0.195006550267113 0.19814522461277512 0.040875955222728633 -0.36243428099804964 0.57341980525980829
leaf_weight=12327 270 32 46 20 50 21 175 32 37 2674 29 37 113 20 8637 12171 6444 330 203 8587 117 23
leaf_count=12327 270 32 46 20 50 21 175 32 37 2674 29 37 113 20 8637 12171 6444 330 203 8587 117 23
internal_value=5.11216e-11 -0.0236377 0.0347407 0.00729427 0.0699991 0.432805 0.331892 -0.0953612 -0.620765 -0.0792457 -0.0226621 -0.34143 0.0601263 -0.185107 0.068254 -0.0207782 -0.00175017 0.0386188 0.297427 0.0321464 -0.514499 -0.0494589
internal_weight=52395 31180 21215 11929 9286 246 225 2789 83 2706 31148 183 9040 290 8750 30965 18615 9140 223 8917 146 12350
internal_count=52395 31180 21215 11929 9286 246 225 2789 83 2706 31148 183 9040 290 8750 30965 18615 9140 223 8917 146 12350
is_linear=0
shrinkage=0.1


Tree=50
num_leaves=27
num_cat=0
split_feature=16 5 20 28 15 4 2 19 6 16 26 12 28 6 28 7 5 17 24 6 0 0 6 5 9 17
split_gain=3695.53 2146.66 3916.85 2824.92 2329.83 2320.65 2483.68 2711.05 2647.73 2426.72 3053.35 2044.25 1785.63 1549.68 1471.39 1359.53 1505.64 1507.84 1419.17 1322.68 905.099 1093.43 823.021 796.172 571.351 568.538
threshold=748.11670000000015 121.01310000000002 123.71087407407408 64.19250000000001 52.863333333333337 140.43695000000002 9.5000000000000018 69.906233333333418 139.67910000000003 1098.9204000000002 91.899300000000025 405.01000000000005 67.844100000000012 101.73120000000002 102.43810000000001 148.62300000000002 105.92010000000002 900.19340000000011 9.3211111695201563 210.27833333333336 13.500000000000002 6.5000000000000009 110.89350000000002 132.75590000000003 116.27230000000002 903.22280000000012
decision_type=2 2 2 2 2 2 2 2 2 2 2 2 2 2 2 2 2 2 2 2 2 2 2 2 2 2
left_child=14 5 3 4 -3 6 7 -2 -8 10 -7 -5 -11 -4 15 16 17 -1 -18 -15 21 25 -22 -24 -23 -16
right_child=1 2 13 11 -6 9 8 -9 -10 12 -12 -13 -14 19 20 -17 18 -19 -20 -21 22 24 23 -25 -26 -27
leaf_value=-0.021583504696382223 -0.99995908322541605 -0.27963509971333533 -0.72619062794579403 0.92768350124359145 -1.1866328504681587 -0.55580209463834762 -0.016198912115880794 0.087320420538391133 0.49364195766930402 1.5354450318075363 0.35456371150644767 -0.086788885974571212 0.50918259875086902 0.026867079114541781 -0.11463774798268622 0.61326383468589152 0.059196607838312723 -0.3893172991595098 -0.17750064585138958 0.29219067143276334 0.50287179946899419 0.98983404278755194 -0.37240034933128058 0.35179736673831941 0.40529113129219585 0.40453626696140543
leaf_weight=25155 23 97 27 20 40 50 4951 7838 104 21 140 2908 88 8776 66 33 323 112 1174 192 21 20 63 20 102 31
leaf_count=25155 23 97 27 20 40 50 4951 7838 104 21 140 2908 88 8776 66 33 323 112 1174 192 21 20 63 20 102 31
internal_value=-1.4925e-10 0.0275101 -0.00299663 -0.100626 -0.544452 0.0553506 0.0489746 0.0841392 -0.0057096 0.330773 0.114994 -0.0798594 0.706903 0.03027 -0.0256386 -0.0281958 -0.0289868 -0.0232135 -0.12643 0.0325475 0.18652 0.301876 -0.0563939 -0.197895 0.501118 0.0512838
internal_weight=52395 25275 12060 3065 137 13215 12916 7861 5055 299 190 2928 109 8995 27120 26797 26764 25267 1497 8968 323 219 104 83 122 97
internal_count=52395 25275 12060 3065 137 13215 12916 7861 5055 299 190 2928 109 8995 27120 26797 26764 25267 1497 8968 323 219 104 83 122 97
is_linear=0
shrinkage=0.1


Tree=51
num_leaves=25
num_cat=0
split_feature=9 0 0 2 2 29 17 0 13 0 25 16 27 4 27 25 24 23 11 4 16 23 15 13
split_gain=3198.93 2332.67 4811.5 3987.01 2435.75 2845.98 2409.04 2386.22 2375.05 2187.33 1987.18 1997.28 1841.02 1743.76 2956.23 1741.11 4709.42 2125.05 2067.76 1473.55 1686.66 1339.13 1082.13 1038.03
threshold=84.436900000000009 16.500000000000004 15.500000000000002 10.500000000000002 10.500000000000002 216.89150000000004 918.88310000000013 1.0000000180025095e-35 46.442222222222235 12.500000000000002 35.273738004695637 1330.3330000000003 130.48010000000002 210.27833333333336 198.15174285714289 24.103137991751584 17.607618051392457 12.888092743536991 424.82666666666671 147.31640000000004 1069.0960000000002 20.45814635300405 45.64222222222223 49.363333333333337
decision_type=2 2 2 2 2 2 2 2 2 2 2 2 2 2 2 2 2 2 2 2 2 2 2 2
left_child=10 2 3 9 13 12 21 -5 -8 -2 15 22 -6 14 -3 19 17 -17 -18 20 -1 -4 -12 -21
right_child=1 4 6 7 5 -7 8 -9 -10 -11 11 -13 -14 -15 -16 16 18 -19 -20 23 -22 -23 -24 -25
leaf_value=-0.036567152229536465 0.013718833720891679 0.088057588705373308 -0.11341878877931236 0.52850908536436791 0.091175964567236589 -1.1530821583544215 -1.5355848102342515 0.10135326356718402 -0.39720458066504866 -0.068524083406532349 0.28862561951391402 -1.3897618103595009 -0.17306090958222098 0.88625113699171276 -0.49500403282317251 0.4058175807270934 -0.45502181114651352 1.331772906273508 0.13827562352169806 -0.15297348011623732 0.31950793914608105 -0.75076059155604424 -0.72771334052085879 -1.1483856119960547
leaf_weight=18347 16553 7344 1085 137 487 24 21 2880 144 4019 22 21 575 27 88 68 83 39 201 22 134 34 20 20
leaf_count=18347 16553 7344 1085 137 487 24 21 2880 144 4019 22 21 575 27 88 68 83 39 201 22 134 34 20 20
internal_value=-2.87655e-11 0.01862 0.00313443 0.0133958 0.063696 -0.0762259 -0.185382 0.12075 -0.542089 -0.00234836 -0.0327894 -0.593484 -0.0518901 0.084068 0.0811537 -0.0309218 0.177906 0.743315 -0.0351176 -0.0353299 -0.0339854 -0.132784 -0.195345 -0.626979
internal_weight=52395 33418 24873 23589 8545 1086 1284 3017 165 20572 18977 63 1062 7459 7432 18914 391 107 284 18523 18481 1119 42 42
internal_count=52395 33418 24873 23589 8545 1086 1284 3017 165 20572 18977 63 1062 7459 7432 18914 391 107 284 18523 18481 1119 42 42
is_linear=0
shrinkage=0.1


Tree=52
num_leaves=25
num_cat=0
split_feature=8 7 16 8 0 0 23 16 23 0 22 29 17 15 25 24 23 9 14 27 16 22 8 18
split_gain=2723.58 2243.04 2785.55 2009.6 1984.76 2766.65 2750.49 3487.22 4950.42 2674.03 2854.32 2238.89 2143.15 1824.43 2359.79 1768.01 2089.46 2084.95 1721.32 2666.46 1827.22 1686.39 1624.54 1318.35
threshold=105.60200000000002 146.25871111111113 1456.001047619048 87.6845 7.5000000000000009 10.500000000000002 27.501519857020138 1271.1114750000002 18.900034679019402 16.500000000000004 145.7290595899471 200.0815666666667 1407.9813555555559 48.421111111111124 25.69247661553506 25.905757781677043 33.568982709405596 119.1114888888889 48.06333333333334 159.58045000000001 1005.3179777777779 143.07071190476194 103.70184444444446 1188.2941333333335
decision_type=2 2 2 2 2 2 2 2 2 2 2 2 2 2 2 2 2 2 2 2 2 2 2 2
left_child=1 2 18 -3 6 15 7 12 -9 10 -7 -11 -2 21 -15 17 -17 -6 19 -1 -20 -8 23 -5
right_child=4 3 -4 22 5 9 13 8 -10 11 -12 -13 -14 14 -16 16 -18 -19 20 -21 -22 -23 -24 -25
leaf_value=-0.041389574629339558 -0.029260837815784393 -1.1879835479789311 1.0381862120628358 -0.34089134305249902 0.217480870554525 -0.052604997378888789 -0.55605945391901612 0.083603121143420001 0.91898907129803009 0.090203290155576279 0.14451098150408917 -0.2364334222796845 0.80419048916908997 -1.4688026420422831 -0.22334939619076663 -0.61995012337161659 0.51440573388879951 0.055118789383039594 -0.0040332525661636301 -0.65583366348709859 0.15361439367715071 0.62061272533166978 -1.0558550721406936 0.41554895689090093
leaf_weight=13441 6491 27 25 64 1700 4811 29 299 93 5021 867 219 31 32 29 62 22 1479 16736 71 769 21 20 36
leaf_count=13441 6491 27 25 64 1700 4811 29 299 93 5021 867 219 31 32 29 62 22 1479 16736 71 769 21 20 36
internal_value=4.26315e-10 -0.0187998 -0.0169544 -0.408503 0.0276501 0.0491826 -0.0158164 -0.00788818 0.281794 0.0250357 -0.0225064 0.0765519 -0.0252993 -0.509655 -0.876702 0.129978 -0.322857 0.141943 -0.0178048 -0.0446182 0.00289226 -0.0618571 -0.23312 -0.0685728
internal_weight=52395 31189 31042 147 21206 14181 7025 6914 392 10918 5678 5240 6522 111 61 3263 84 3179 31017 13512 17505 50 120 100
internal_count=52395 31189 31042 147 21206 14181 7025 6914 392 10918 5678 5240 6522 111 61 3263 84 3179 31017 13512 17505 50 120 100
is_linear=0
shrinkage=0.1


Tree=53
num_leaves=20
num_cat=0
split_feature=9 13 23 18 15 23 0 23 16 29 5 25 16 8 10 25 24 25 15
split_gain=2309.64 2035.72 3557.72 1914.89 1605.94 2429.33 1828.6 1720.69 1706.31 6402.03 2498.61 1534.55 1602.04 1449.65 1273.56 930.907 2969.91 1371.8 834.018
threshold=84.436900000000009 79.533100436681238 18.552809584787898 1366.5122000000003 47.882857142857155 33.568982709405596 15.500000000000002 26.011525641877455 1407.9813555555559 161.76187142857145 151.21920000000003 35.273738004695637 1330.3330000000003 151.21920000000003 732.44861111111129 24.103137991751584 17.607618051392457 22.770394882338355 45.64222222222223
decision_type=2 2 2 2 2 2 2 2 2 2 2 2 2 2 2 2 2 2 2
left_child=11 4 3 14 5 7 -7 -2 10 -10 -6 13 18 15 -3 17 -17 -1 -13
right_child=1 2 -4 -5 8 6 -8 -9 9 -11 -12 12 -14 -15 -16 16 -18 -19 -20
leaf_value=-0.028631098044961174 -0.019967666172757692 0.30132625455237355 1.4363240003585815 -0.77131120619319737 0.032712860249471565 -0.24464691987163142 -1.4073917979285833 0.3104235173482448 1.8746183928102256 0.13296268686027712 -0.1087887955655841 0.26087629754434932 -1.2337296443326133 0.78505476144227115 -0.11490077988097543 0.5954892051219941 -0.041206516341788929 -0.46903376793357687 -0.63137268275022507
leaf_weight=18447 10652 325 23 21 20212 38 21 160 22 519 1330 22 21 22 95 100 274 71 20
leaf_count=18447 10652 325 23 21 20212 38 21 160 22 519 1330 22 21 22 95 100 274 71 20
internal_value=-2.51764e-11 0.0158216 0.223822 0.160585 0.0128929 -0.0185705 -0.658505 -0.0150784 0.0283817 0.203788 0.0239766 -0.0278614 -0.520579 -0.0262202 0.20718 -0.027165 0.129033 -0.0303196 -0.164004
internal_weight=52395 33418 464 441 32954 10871 59 10812 22083 541 21542 18977 63 18914 420 18892 374 18518 42
internal_count=52395 33418 464 441 32954 10871 59 10812 22083 541 21542 18977 63 18914 420 18892 374 18518 42
is_linear=0
shrinkage=0.1


Tree=54
num_leaves=28
num_cat=0
split_feature=8 22 23 17 16 16 16 12 11 17 2 0 13 0 0 29 17 23 23 29 16 24 9 18 24 5 4
split_gain=1941.76 2073.86 2702.59 2155.41 2422.69 2964.55 1809.9 1756.92 3002.12 1732.71 1983.54 1596.69 2350.21 2200.13 2175.03 2411.55 2099.37 2348.06 2285.7 1703.16 1523.51 1473.78 1697.49 1632.06 1344.16 2713.31 1200.99
threshold=105.60200000000002 124.15746406870041 24.637767406280378 1155.7696444444448 1085.6696571428574 1128.6523000000004 988.75270000000012 649.49000000000012 433.88285714285718 1069.0960000000002 8.5000000000000018 7.5000000000000009 49.190000000000005 10.500000000000002 16.500000000000004 183.05700000000002 1518.4597428571431 27.501519857020138 15.848650735727825 200.0815666666667 1146.1058 25.905757781677043 119.1114888888889 1188.2941333333335 24.157953765951046 106.61740000000002 104.6632
decision_type=2 2 2 2 2 2 2 2 2 2 2 2 2 2 2 2 2 2 2 2 2 2 2 2 2 2 2
left_child=1 3 7 9 6 -6 -5 8 -3 20 -11 12 16 21 15 -15 17 -2 -18 -16 -1 22 -13 -23 26 -26 -14
right_child=11 2 -4 4 5 -7 -8 -9 -10 10 -12 13 24 14 19 -17 18 -19 -20 -21 -22 23 -24 -25 25 -27 -28
leaf_value=-0.014914119671877904 0.044995678771285824 -0.51858606089519543 -1.4071745448169255 0.29345485468705496 1.4970215692520144 0.31671254532737336 -0.71642976113728118 -0.95556251318366447 0.35321053721105 0.214350617217691 -0.37709649481817964 0.19379232953622019 -0.1558208588789203 -0.049190464111165164 0.079494637571743784 0.13303311935674986 0.18856775485552277 -0.52451091267017502 1.5034543633460999 -0.20539440601111547 0.37801416510283348 0.16356858626008033 0.047291450067080104 -0.71900487935001201 0.23759320700490796 -0.84782488649008703 -0.025225905281461417
leaf_weight=30318 3339 79 21 36 25 143 35 27 79 73 254 1700 985 4823 5021 855 39 74 20 219 99 40 1479 44 37 61 2470
leaf_count=30318 3339 79 21 36 25 143 35 27 79 73 254 1700 985 4823 5021 855 39 74 20 219 99 40 1479 44 37 61 2470
internal_value=-2.09667e-11 -0.0158738 -0.332114 -0.0137712 0.285376 0.492354 -0.204376 -0.21008 -0.0826878 -0.0160967 -0.245061 0.0233466 -0.0156396 0.0426596 0.0211265 -0.021751 0.0428715 0.0326477 0.634292 0.067588 -0.0136352 0.11471 0.125634 -0.298732 -0.0728167 -0.438024 -0.0624578
internal_weight=52395 31189 206 30983 239 168 71 185 158 30744 327 21206 7025 14181 10918 5678 3472 3413 59 5240 30417 3263 3179 84 3553 98 3455
internal_count=52395 31189 206 30983 239 168 71 185 158 30744 327 21206 7025 14181 10918 5678 3472 3413 59 5240 30417 3263 3179 84 3553 98 3455
is_linear=0
shrinkage=0.1


Tree=55
num_leaves=24
num_cat=0
split_feature=28 5 5 8 25 15 25 24 7 8 5 16 2 0 18 0 24 22 19 12 4 18 18
split_gain=1729.35 1553.23 4031.67 1782.52 1896.82 1488.63 1753.98 3177.89 2861.34 2364.72 1867.79 2895.28 2492.29 1526.15 3232.11 2772.15 2128.46 1815.03 1698.22 1391.01 2381.1 2161.93 1217.38
threshold=48.45170000000001 138.24130208333335 149.86590000000004 116.93730000000001 31.521711639370682 47.882857142857155 22.12652763027485 18.187969669790174 138.24130208333335 193.75820000000002 151.21920000000003 1058.721977777778 7.5000000000000009 10.500000000000002 1456.001047619048 7.5000000000000009 16.905261772336349 148.77264545304234 153.37660952380955 413.92666666666668 76.313500000000019 1079.8937500000004 1518.4597428571431
decision_type=2 2 2 2 2 2 2 2 2 2 2 2 2 2 2 2 2 2 2 2 2 2 2
left_child=1 3 -3 19 -5 13 10 9 -9 -8 11 -7 -12 15 17 18 -17 -15 -2 20 -1 -21 -16
right_child=5 2 -4 4 -6 6 7 8 -10 -11 12 -13 -14 14 22 16 -18 -19 -20 21 -22 -23 -24
leaf_value=-0.078225003691610479 -0.025772723971767039 -1.6640385401248932 0.31981650264490225 1.0386700008064509 -0.077944966431321774 0.011065042128174428 0.33493857363466656 -0.14409676639309812 0.15083000163609622 -0.4980868307666646 0.12062960865273398 0.13158244424816509 -0.20558879968399801 -0.04654062123940815 -1.2447135982842283 0.10087703841080496 0.47566055601293389 0.30127166677388106 0.32095005448320757 -0.033035511148656244 -1.0008887652866543 0.694396258418153 -0.33610016942024235
leaf_weight=93 4354 20 21 32 29 21413 638 576 767 36 332 2198 795 7744 29 1090 176 153 146 11642 40 41 30
leaf_count=93 4354 20 21 32 29 21413 638 576 767 36 332 2198 795 7744 29 1090 176 153 146 11642 40 41 30
internal_value=1.06287e-10 -0.0334811 -0.647918 -0.03136 0.50782 0.00985812 0.0235921 0.113261 0.0243387 0.290445 0.016281 0.0222843 -0.109489 -0.0169202 -0.0453112 0.022254 0.15298 -0.039802 -0.0145235 -0.0341435 -0.355718 -0.0304827 -0.782707
internal_weight=52395 11918 41 11877 61 40477 26755 2017 1343 674 24738 23611 1127 13722 7956 5766 1266 7897 4500 11816 133 11683 59
internal_count=52395 11918 41 11877 61 40477 26755 2017 1343 674 24738 23611 1127 13722 7956 5766 1266 7897 4500 11816 133 11683 59
is_linear=0
shrinkage=0.1


Tree=56
num_leaves=21
num_cat=0
split_feature=9 17 0 0 2 13 17 5 10 2 29 27 4 27 28 23 7 0 29 12
split_gain=1423.26 2221.38 1476.68 3505.22 2700.89 2204.79 2176.97 2145.43 1926.88 1766.85 1956.49 1754.64 1621.33 1943.28 1128.93 979.012 807.057 1566.03 1468.8 769.838
threshold=82.975100000000012 1407.9813555555559 16.500000000000004 15.500000000000002 10.500000000000002 52.242222222222232 918.88310000000013 128.78370000000004 422.42678571428576 10.500000000000002 216.89150000000004 130.48010000000002 210.27833333333336 198.15174285714289 82.179800000000014 21.550945443982478 133.26260000000002 21.500000000000004 148.08773214285716 437.24222222222227
decision_type=2 2 2 2 2 2 2 2 2 2 2 2 2 2 2 2 2 2 2 2
left_child=1 14 3 4 7 -6 15 -2 -8 12 11 -11 13 -4 16 -5 18 -18 -1 -16
right_child=2 -3 9 6 5 -7 8 -9 -10 10 -12 -13 -14 -15 19 -17 17 -19 -20 -21
leaf_value=-0.0215076954721167 0.01278128496987474 -0.91260620547192439 0.066866028051925458 -0.095841588443414047 0.13244135105061902 -0.10428565900194749 -1.2691077393652113 -0.064283111456942474 -0.3464515713628914 0.085308750975315303 -0.96395556628704071 -0.16987517987102888 0.83773459151939123 -0.40576664862984962 0.8472330081462861 -0.71641249450353484 0.31871095163414614 -0.47231426050265635 -0.28753606117374841 0.045579979471538384
leaf_weight=17734 16338 28 7609 1143 2587 464 27 4638 140 504 24 579 27 88 25 26 151 30 210 23
leaf_count=17734 16338 28 7609 1143 2587 464 27 4638 140 504 24 579 27 88 25 26 151 30 210 23
internal_value=-9.63862e-12 -0.0225904 0.0120246 -0.000237748 0.00852844 0.0964396 -0.157891 -0.00425841 -0.495624 0.0472424 -0.0709097 -0.0511192 0.0641759 0.0614624 -0.0212191 -0.109644 -0.0225017 0.187602 -0.024621 0.463108
internal_weight=52395 18201 34194 25363 24027 3051 1336 20976 167 8831 1107 1083 7724 7697 18173 1169 18125 181 17944 48
internal_count=52395 18201 34194 25363 24027 3051 1336 20976 167 8831 1107 1083 7724 7697 18173 1169 18125 181 17944 48
is_linear=0
shrinkage=0.1


Tree=57
num_leaves=23
num_cat=0
split_feature=16 8 22 5 22 10 12 15 23 10 4 16 0 20 23 5 17 25 16 24 1 4
split_gain=1306.21 3674.16 2935.4 2371.43 2854.29 2327.23 2277.64 2140.43 2100.36 2173.66 2016.77 2402.41 1613.27 1544.77 2265.67 1997.54 1614.74 1572.75 1502.51 1355.64 1207.32 1599.23
threshold=932.23463333333336 44.826510684931513 79.609050000000011 121.01310000000002 150.51647671957673 421.4211111111112 429.95277777777784 72.767500000000027 13.225387234830221 410.74777777777786 52.081300000000006 550.80860000000018 1.0000000180025095e-35 131.57079675925925 10.69097255523698 128.78370000000004 1005.3179777777779 15.038576167636851 777.83460000000014 12.788264465131801 4.5000000000000009 94.836900000000014
decision_type=2 2 2 2 2 2 2 2 2 2 2 2 2 2 2 2 2 2 2 2 2 2
left_child=8 -2 5 4 -4 -3 -7 -5 13 20 11 -11 -12 15 19 18 -17 -16 -1 -15 21 -10
right_child=1 2 3 7 -6 6 -8 -9 9 10 12 -13 -14 14 17 16 -18 -19 -20 -21 -22 -23
leaf_value=-0.010476908070503109 1.2649851605296136 0.21888893723487854 0.089607180981620627 -0.0095169572285107463 0.84343335418140186 -1.8242454466365634 -0.3331343972682953 0.218408035652815 -1.0450307953425431 0.075315489810197922 0.20416112741261228 1.0562157699893064 -0.078564364458812486 0.10749525178278632 0.71444450924078928 -0.23061758467591686 0.19745002640682519 0.13515368405352818 0.041533668030921927 -0.29481497440073223 0.09682845807558782 -0.31816623748577749
leaf_weight=26647 24 20 3323 8135 51 21 20 434 44 94 211 34 4642 544 99 610 103 89 7017 99 37 97
leaf_count=26647 24 20 3323 8135 51 21 20 434 44 94 211 34 4642 544 99 610 103 89 7017 99 37 97
internal_value=-1.63212e-10 0.0289253 0.026454 0.0299881 0.101002 -0.665476 -1.09687 0.00202692 -0.00861877 -0.0682085 -0.0559379 0.335867 -0.066272 0.000112861 0.134837 -0.00314384 -0.168779 0.440206 0.000364294 0.0455532 -0.411578 -0.544989
internal_weight=52395 12028 12004 11943 3374 61 41 8569 40367 5159 4981 128 4853 35208 831 34377 713 188 33664 643 178 141
internal_count=52395 12028 12004 11943 3374 61 41 8569 40367 5159 4981 128 4853 35208 831 34377 713 188 33664 643 178 141
is_linear=0
shrinkage=0.1


Tree=58
num_leaves=18
num_cat=0
split_feature=16 10 8 26 1 28 10 10 5 12 23 10 5 8 6 12 9
split_gain=1227.45 1666.4 1853.27 2029.15 1623.78 1039.64 1470.58 2455.78 4016.76 2288.92 2489.71 2031.89 1435.12 1591.16 1847.85 1063.51 924.89
threshold=1612.2600000000002 421.4211111111112 127.45394444444446 145.39217500000004 4.5000000000000009 48.45170000000001 710.37000000000012 671.24111111111119 134.34830000000002 435.81000000000006 17.774121442795312 436.39000000000004 138.24130208333335 112.5362777777778 101.42700000000001 418.8944444444445 148.62300000000002
decision_type=2 2 2 2 2 2 2 2 2 2 2 2 2 2 2 2 2
left_child=5 -2 -3 16 -5 12 7 11 -9 -8 -11 -7 13 15 -15 -1 -4
right_child=1 2 3 4 -6 6 9 8 -10 10 -12 -13 -14 14 -16 -17 -18
leaf_value=-0.21560294595760846 1.0922762831052146 0.87829538969130361 -0.96019963598251357 0.82790643139318998 -0.03120980312426885 -0.0067519542494144371 -0.79457021525927951 -0.031185911402732521 -0.3186940933321265 0.073117474225406584 0.47876197153154543 0.043672422003041778 -0.63250149906827857 0.069586665742099291 1.116334660236652 -0.022994311706850356 -0.047839676141738896
leaf_weight=294 21 29 25 33 66 21316 28 4060 552 1376 170 12784 39 48 26 11508 20
leaf_count=294 21 29 25 33 66 21316 28 4060 552 1376 170 12784 39 48 26 11508 20
internal_value=1.22855e-10 0.25107 0.148959 0.00207834 0.255162 -0.000933079 0.00674182 0.00288928 -0.0655971 0.101494 0.117723 0.012152 -0.0268828 -0.024894 0.437363 -0.0277924 -0.554706
internal_weight=52395 194 173 144 99 52201 40286 38712 4612 1574 1546 34100 11915 11876 74 11802 45
internal_count=52395 194 173 144 99 52201 40286 38712 4612 1574 1546 34100 11915 11876 74 11802 45
is_linear=0
shrinkage=0.1


Tree=59
num_leaves=24
num_cat=0
split_feature=16 4 19 17 17 14 4 5 12 2 5 22 18 17 10 17 4 18 20 10 6 5 8
split_gain=1095.77 2275.42 3475.82 2149.34 1833.55 3996.7 3625.8 2255.37 1752.18 1720.72 1396.11 2488.09 2933.06 3274.81 2045.55 1846.46 1763.48 1364.52 1418.99 1363.25 1309.04 1279.91 1051.21
threshold=1165.075 113.8456 119.79510000000006 1201.5775250000004 965.90650000000016 48.363333333333337 138.9310428571429 105.60200000000002 439.55777777777786 7.5000000000000009 151.21920000000003 156.17992342923284 1165.075 1188.2941333333335 732.44861111111129 1146.1058 154.49228571428571 1456.001047619048 138.24913912037042 436.39000000000004 133.2587 121.01310000000002 182.98050000000003
decision_type=2 2 2 2 2 2 2 2 2 2 2 2 2 2 2 2 2 2 2 2 2 2 2
left_child=10 2 3 -2 5 6 -3 -6 -7 -9 17 14 13 -13 16 -16 -12 18 21 -19 -20 -1 -14
right_child=1 4 -4 -5 7 8 -8 9 -10 -11 11 12 22 -15 15 -17 -18 19 20 -21 -22 -23 -24
leaf_value=0.0035120161541472919 0.72580924740544073 -0.15757514860319055 1.5968520859877269 -0.60573950409889221 0.7879563935493169 -0.35825017758590333 1.3376417898318984 0.19215654362416404 0.39346274576689066 -0.024842041778937157 -0.15569496662492682 0.24881261569261551 0.074893085469834905 1.5703891396522522 -0.045076010415428566 1.1233325118110293 -0.51482656916093561 0.010513423577598904 -0.12288508226549061 -1.0668610253681741 0.13558189892738134 -0.041899483424852516 -0.60411993806299413
leaf_weight=39572 27 23 24 22 38 68 55 440 57 2156 579 75 57 25 38 21 179 23 232 24 1261 7361 38
leaf_count=39572 27 23 24 22 38 68 55 440 57 2156 579 75 57 25 38 21 179 23 232 24 1261 7361 38
internal_value=1.18913e-10 0.0596355 0.610891 0.127971 0.0454509 0.335037 0.896744 0.0231328 -0.0154691 0.0119374 -0.00350691 -0.119754 0.201195 0.579207 -0.196358 0.370798 -0.240503 -0.00107994 -0.000557245 -0.539635 0.0954182 -0.00361035 -0.196712
internal_weight=52395 2910 73 49 2837 203 78 2634 125 2596 49485 1012 195 100 817 59 758 48473 48426 47 1493 46933 95
internal_count=52395 2910 73 49 2837 203 78 2634 125 2596 49485 1012 195 100 817 59 758 48473 48426 47 1493 46933 95
is_linear=0
shrinkage=0.1


Tree=60
num_leaves=25
num_cat=0
split_feature=6 17 5 7 22 26 16 22 4 16 17 10 10 23 10 13 10 8 24 11 24 12 5 6
split_gain=1045.25 2362.88 2163.91 2063.21 2016.71 3295.14 3898.36 1831.04 2083.07 2288.58 2030.04 1778.25 2600.55 2286.13 2207.97 3221.22 2196.32 1700.51 1613.06 1524.09 1303.48 1174.27 1076.44 509.964
threshold=105.60200000000002 800.20630000000006 106.95950000000001 156.31100000000004 80.163541666666688 68.681900000000027 854.76780000000019 129.79652676917993 143.50465714285716 871.19150000000002 730.58233333333339 677.03000000000009 721.29000000000008 22.13118289742717 436.39000000000004 49.135474006116219 411.41000000000003 154.48510000000002 6.2056669602385126 409.07000000000005 22.856572990345011 436.2000000000001 103.70184444444446 97.201900000000009
decision_type=2 2 2 2 2 2 2 2 2 2 2 2 2 2 2 2 2 2 2 2 2 2 2 2
left_child=1 7 4 18 20 6 -6 8 9 -1 -9 14 13 -13 16 -16 -4 -7 23 -20 -2 -14 -12 -3
right_child=2 3 11 -5 5 17 -8 10 -10 -11 22 12 21 -15 15 -17 -18 -19 19 -21 -22 -23 -24 -25
leaf_value=-0.0083175466129435435 -0.15256890387911548 -0.24125498582919441 0.17275596653385986 -1.1109430390596391 0.22722429277782796 0.069955041753583844 1.4685566233622063 1.0279194885657894 -0.83725743929545082 0.16593386201320157 0.52680206563737664 -0.11447825238574012 -0.67165638719286236 -0.85978991222523504 0.15555597111331751 0.0097838229403980764 -0.033451535361069332 0.58258411164085078 -0.85756800240278253 -0.073196035048170155 -1.1499472117424012 0.084274743824403947 -0.34353769282499952 -0.83312768807282334
leaf_weight=27457 38 24 556 20 80 3311 37 36 30 775 27 2046 21 42 2293 4473 7274 66 25 2719 20 958 30 37
leaf_count=27457 38 24 556 20 80 3311 37 36 30 775 27 2046 21 42 2293 4473 7274 66 25 2719 20 958 30 37
internal_value=-2.65708e-10 -0.0116506 0.017123 -0.0988651 0.0883417 0.0980499 0.619782 -0.00296143 -0.00441914 -0.00353415 0.440028 0.00280108 -0.0664178 -0.12947 0.0173458 0.0591861 -0.018809 0.0799739 -0.0916489 -0.0803423 -0.496492 0.0680597 0.0687285 -0.60026
internal_weight=52395 31180 21215 2825 3552 3494 117 28355 28262 28232 93 17663 3067 2088 14596 6766 7830 3377 2805 2744 58 979 57 61
internal_count=52395 31180 21215 2825 3552 3494 117 28355 28262 28232 93 17663 3067 2088 14596 6766 7830 3377 2805 2744 58 979 57 61
is_linear=0
shrinkage=0.1


Tree=61
num_leaves=26
num_cat=0
split_feature=15 15 0 18 0 16 21 29 19 16 5 5 19 0 18 17 12 1 22 29 7 0 23 28 18
split_gain=994.371 1265.32 1644.52 1732.74 2099.09 1457.81 1300.38 1841.66 1324.52 1283.19 2368.1 1914.2 1165.83 1139.46 2796.48 1614.48 3083.11 1809.8 1367.2 2371.13 1777.04 1232.09 2285.92 1235.62 954.661
threshold=47.882857142857155 49.621111111111119 6.5000000000000009 725.7265000000001 1.0000000180025095e-35 780.33420000000012 200.54507083333337 246.99400000000003 204.24902222222246 1016.7237000000001 151.21920000000003 130.22182222222224 204.24902222222246 10.500000000000002 1456.001047619048 1299.9466666666669 418.61000000000007 3.5000000000000004 148.77264545304234 175.05378571428574 163.61080000000001 7.5000000000000009 16.705868174614711 109.15690000000002 1518.4597428571431
decision_type=2 2 2 2 2 2 2 2 2 2 2 2 2 2 2 2 2 2 2 2 2 2 2 2 2
left_child=13 6 3 5 -5 -3 7 8 -2 11 -11 -4 -8 15 18 21 -17 -18 19 -15 -20 23 -23 -1 -16
right_child=1 2 9 4 -6 -7 12 -9 -10 10 -12 -13 -14 14 24 16 17 -19 20 -21 -22 22 -24 -25 -26
leaf_value=-0.0093020569875825344 0.050308763342887391 -0.0079743485521977762 0.014356372005391901 0.059927604285615055 -0.12691542203530951 0.24200718035877108 -1.0587412333488464 0.9855291494301387 -0.65139368904961481 0.13126783659134353 -0.068808750266943372 -0.11719833691860977 -0.024972066717843217 -0.030847487282125885 -1.1187625769277414 1.4458076789265588 0.51521634825983564 -0.16494179958679589 0.031104101467700231 -0.29221105372278972 0.76558232046663766 0.047305319235141051 0.52123646195977924 -0.25001526850853034 -0.32099023103713992
leaf_weight=6079 7259 3141 14410 757 2923 252 20 21 27 2144 817 1198 24 10479 30 21 74 83 105 359 48 1765 108 221 30
leaf_count=6079 7259 3141 14410 757 2923 252 20 21 27 2144 817 1198 24 10479 30 21 74 83 105 359 48 1765 108 221 30
internal_value=9.59225e-11 0.0105643 7.88942e-05 -0.0409544 -0.0884806 0.0105919 0.0471399 0.0504037 0.0477084 0.0157086 0.0760626 0.00425882 -0.494867 -0.0179646 -0.0390312 0.00991314 0.307853 0.155642 -0.0353144 -0.0395049 0.261529 0.00342431 0.0746329 -0.0177461 -0.719876
internal_weight=52395 32993 25642 7073 3680 3393 7351 7307 7286 18569 2961 15608 44 19402 11051 8351 178 157 10991 10838 153 8173 1873 6300 60
internal_count=52395 32993 25642 7073 3680 3393 7351 7307 7286 18569 2961 15608 44 19402 11051 8351 178 157 10991 10838 153 8173 1873 6300 60
is_linear=0
shrinkage=0.1


Tree=62
num_leaves=19
num_cat=0
split_feature=16 5 11 10 5 11 13 25 18 16 29 28 14 0 4 16 14 13
split_gain=957.8 1537.35 1553.13 2127.15 1052.11 3328.57 3485.3 1740.65 1486.14 2381.65 3179.74 1629.68 1615.25 2397.34 955.99 951.756 741.95 1013.34
threshold=1612.2600000000002 160.69125000000003 437.01000000000005 459.63111111111124 193.75820000000002 585.63285714285723 48.540633187772933 24.655452869233596 1518.4597428571431 1366.5122000000003 202.87560000000005 146.18322222222227 56.122500000000009 10.500000000000002 152.87855555555561 1407.9813555555559 48.242222222222232 50.122500000000009
decision_type=2 2 2 2 2 2 2 2 2 2 2 2 2 2 2 2 2 2
left_child=4 -2 16 -4 8 6 15 -8 9 11 -11 -1 13 -10 -14 -6 -3 -18
right_child=1 2 3 -5 5 -7 7 -9 12 10 -12 -13 14 -15 -16 -17 17 -19
leaf_value=-0.00054399125237771873 0.87996683080991112 0.70151437997818 -0.87945036388212638 0.36032234740257268 -0.45787700781455404 -1.3790488676591355 0.45383504472672942 -0.1628157145509096 0.24952214253537452 0.084958195106405995 0.68570498319874917 -0.76365943689431459 -0.35581981593912304 -0.54648153399917443 -1.2990980862152011 -1.3630164847487496 -0.40784102833789326 0.39418845498561861
leaf_weight=51197 30 35 31 25 26 22 80 107 81 413 112 28 22 71 21 21 23 50
leaf_count=51197 30 35 31 25 26 22 80 107 81 413 112 28 22 71 21 21 23 50
internal_value=1.07258e-11 0.221784 0.101385 -0.32598 -0.000824241 -0.203054 -0.0924899 0.100992 0.000172404 0.0012107 0.213118 -0.000961116 -0.275374 -0.122295 -0.816491 -0.862301 0.322982 0.141494
internal_weight=52395 194 164 56 52201 256 234 187 51945 51750 525 51225 195 152 43 47 108 73
internal_count=52395 194 164 56 52201 256 234 187 51945 51750 525 51225 195 152 43 47 108 73
is_linear=0
shrinkage=0.1


Tree=63
num_leaves=31
num_cat=0
split_feature=0 0 2 28 0 2 7 25 5 10 12 29 8 23 25 11 19 17 0 5 13 5 0 27 17 5 27 22 24 23
split_gain=949.449 2024.15 1815.36 1805.67 1795.86 1707.81 2524.93 3355.57 1944.64 1669.52 1944.36 1628.45 2600.26 2225.29 1625.23 1524.6 1743.39 1512.18 1429 1391.65 1344.52 1460.75 1236.36 1554.31 1129.4 1007.06 1511 1382.17 1003.65 463.456
threshold=17.500000000000004 12.500000000000002 10.500000000000002 69.351000000000013 7.5000000000000009 8.5000000000000018 163.61080000000001 28.456210090298551 166.83672222222228 407.93392857142862 415.19000000000005 191.77420000000004 116.93730000000001 11.858572344972778 35.273738004695637 409.07000000000005 131.36245925925928 958.91511111111106 10.500000000000002 130.22182222222224 28.210000000000004 110.25350000000002 21.500000000000004 150.3726777777778 1188.2941333333335 116.57260000000001 117.00660000000001 113.09749212962963 14.005015272176985 16.007505251681767
decision_type=2 2 2 2 2 2 2 2 2 2 2 2 2 2 2 2 2 2 2 2 2 2 2 2 2 2 2 2 2 2
left_child=1 4 3 14 15 25 8 -8 -7 10 -6 22 -13 -14 17 16 -1 -2 -11 -17 28 -22 24 -24 -4 26 -3 -27 -5 -16
right_child=2 5 11 20 9 6 7 -9 -10 18 -12 12 13 -15 29 19 -18 -19 -20 -21 21 -23 23 -25 -26 27 -28 -29 -30 -31
leaf_value=0.60966282310645759 -0.015495010997321521 -0.019858684790869163 -0.090595053074856338 0.89763408014268586 0.10481330446642022 -0.094575072027351423 0.58677949789351069 -0.49949719568616469 -0.65839286638844408 0.064071138447299683 1.0486170343841825 -1.5109596601128579 -1.0242593432288796 0.25255256081238769 -0.9860668042302132 -0.0046633769694400242 -0.13052258422741522 0.31354679102078081 -0.010159644441032315 -0.085871406157958186 0.11757302238840746 0.024048268725771309 0.037517830351768422 0.90114502906799321 -0.48938987362079134 -0.32711457678142497 0.11380544168736242 -0.035799690646622681 0.1842192667935576 -0.30529055416584017
leaf_weight=82 4644 4184 793 33 58 4587 113 38 62 6509 35 20 21 39 20 14879 52 144 4311 2459 2914 3912 395 22 78 218 1060 644 49 20
leaf_count=82 4644 4184 793 33 58 4587 113 38 62 6509 35 20 21 39 20 14879 52 144 4311 2459 2914 3912 395 22 78 218 1060 644 49 20
internal_value=2.52762e-10 -0.00777403 0.0233096 0.0360172 0.00629497 -0.0443913 -0.0890231 0.313412 -0.102094 0.0381217 0.460008 -0.0857081 -0.523489 -0.194332 -0.0109021 -0.013584 0.322427 -0.00559902 0.0344955 -0.0161809 0.0688091 0.0639737 -0.0585167 0.0830809 -0.126308 -0.00930576 0.00715962 -0.109473 0.471325 -0.645679
internal_weight=52395 39291 13104 11736 28385 10906 4800 151 4649 10913 93 1368 80 60 4828 17472 134 4788 10820 17338 6908 6826 1288 417 871 6106 5244 862 82 40
internal_count=52395 39291 13104 11736 28385 10906 4800 151 4649 10913 93 1368 80 60 4828 17472 134 4788 10820 17338 6908 6826 1288 417 871 6106 5244 862 82 40
is_linear=0
shrinkage=0.1


Tree=64
num_leaves=28
num_cat=0
split_feature=7 5 18 18 16 12 14 7 25 17 16 17 6 20 21 18 8 5 23 7 26 25 9 6 19 4 17
split_gain=931.957 2651.2 3510.66 3912.99 3000.92 4687.83 3942.12 2846.33 2036.99 3226.74 3561.31 5915.95 2144.15 1955.85 1949.95 1940.98 1715.92 1595.26 1559.77 1831.81 1495.58 1494.04 1475.25 1644.31 1127.69 1107.17 871.321
threshold=133.26260000000002 151.21920000000003 1176.1359500000001 1330.3330000000003 1271.1114750000002 435.44222222222226 47.463333333333345 110.25410000000001 20.166558537110326 912.13962500000014 935.43130000000008 846.00760000000002 103.06290000000001 118.2994300925926 139.04575092592594 1366.5122000000003 91.173100000000019 124.13974444444446 18.552809584787898 176.05355000000003 85.999900000000011 18.554260563643798 158.28911111111114 137.43100000000001 153.37660952380955 119.10660000000003 1366.5122000000003
decision_type=2 2 2 2 2 2 2 2 2 2 2 2 2 2 2 2 2 2 2 2 2 2 2 2 2 2 2
left_child=1 4 16 14 15 7 -7 -6 18 10 17 -12 -11 -14 -4 24 -3 -10 22 21 -18 -20 23 -2 -1 -24 -21
right_child=8 2 3 -5 5 6 -8 -9 9 12 11 -13 13 -15 -16 -17 20 -19 19 26 -22 -23 25 -25 -26 -27 -28
leaf_value=-0.0042119060397983786 -0.01846472177772748 0.62982513842911558 -1.9060526287555697 0.38361114621162418 0.0073768310171241566 -0.8982989889383316 0.30113768714169664 1.0998473764332228 0.40443817980884189 -0.81414952543046748 -0.060068629419102397 1.6299613891907461 0.9446954314525311 0.070818821142635199 -0.74971707412174782 -0.92271318979885264 -0.88522317608197543 -0.23708871774754284 -0.13329471460734774 0.057003864357548374 -0.12097833167314209 -0.56966420409603502 0.33500749958171089 0.10993776617711543 0.66759972929954525 -0.19011318136274424 0.90360378772020344
leaf_weight=44423 2293 29 25 20 33 40 87 86 113 27 34 53 26 1714 35 23 27 59 302 31 496 106 44 1765 25 459 20
leaf_count=44423 2293 29 25 20 33 40 87 86 113 27 34 53 26 1714 35 23 27 59 302 31 496 106 44 1765 25 459 20
internal_value=-5.69283e-11 -0.00525703 -0.20864 -0.82774 -0.00238255 0.345924 -0.0766376 0.796893 0.033835 0.118471 0.448104 0.96949 0.0701548 0.0838767 -1.23152 -0.00430928 -0.118915 0.18438 -0.000322965 -0.176035 -0.160433 -0.246665 0.01736 0.0373831 -0.00383404 -0.144178 0.389004
internal_weight=52395 45349 632 80 44717 246 127 119 7046 2026 259 87 1767 1740 60 44471 552 172 5020 459 523 408 4561 4058 44448 503 51
internal_count=52395 45349 632 80 44717 246 127 119 7046 2026 259 87 1767 1740 60 44471 552 172 5020 459 523 408 4561 4058 44448 503 51
is_linear=0
shrinkage=0.1


Tree=65
num_leaves=19
num_cat=0
split_feature=0 23 27 26 4 25 11 6 5 17 9 21 0 22 0 12 8 24
split_gain=881.502 2023.22 1990.56 2458.82 1667.05 1467.75 1615.54 1272.91 2992.81 1942.93 2443.55 1931.74 1197.13 3074.06 1835.01 1062.24 967.488 645.762
threshold=1.0000000180025095e-35 26.011525641877455 165.66819047619049 120.17850000000001 158.32276666666669 13.351134700951986 417.02111111111111 193.75820000000002 163.61080000000001 1299.9466666666669 176.05355000000003 200.54507083333337 6.5000000000000009 179.89108928571432 10.500000000000002 436.8366666666667 149.87340000000003 29.901292071520967
decision_type=2 2 2 2 2 2 2 2 2 2 2 2 2 2 2 2 2 2
left_child=1 2 5 15 -5 16 -7 11 -9 -10 -11 12 13 -2 -14 -4 -1 -3
right_child=7 17 3 4 -6 6 -8 8 9 10 -12 -13 14 -15 -16 -17 -18 -19
leaf_value=0.028866981971567174 -0.032903582911994987 0.36505349963903427 -1.0818847677359977 0.23458092261176067 -0.4322711740235059 0.91732791692018523 0.16705078699730136 1.3713693004846572 0.91320585620456518 -0.19799831453915484 0.35439465662816194 -0.9203249406555426 0.045780446715606077 0.72316909907040783 -0.0068379706688998822 -0.3416262967955499 -0.65585601634922486 1.1686467015743256
leaf_weight=1189 12936 20 36 106 58 30 662 20 28 182 143 23 8668 54 28157 42 21 20
leaf_count=1189 12936 20 36 106 58 30 662 20 28 182 143 23 8668 54 28157 42 21 20
internal_value=-9.25382e-11 0.0621928 0.0490462 -0.221084 -0.00125701 0.083416 0.199577 -0.00270516 0.18134 0.113916 0.0450546 -0.00408261 -0.00365957 -0.0297606 0.00554754 -0.683284 0.0169834 0.76685
internal_weight=52395 2184 2144 242 164 1902 692 50211 373 353 325 49838 49815 12990 36825 78 1210 40
internal_count=52395 2184 2144 242 164 1902 692 50211 373 353 325 49838 49815 12990 36825 78 1210 40
is_linear=0
shrinkage=0.1


Tree=66
num_leaves=24
num_cat=0
split_feature=27 2 4 5 24 16 5 11 5 16 27 8 28 9 6 24 16 19 18 8 29 8 26
split_gain=826.711 990.566 2028.51 2763.67 2366.55 2276.53 1858.46 1743.36 1261.49 2938.73 2149.38 1887.27 2663.86 1025.86 50.5026 61.5798 108.88 59.6012 59.1469 27.5034 30.2615 25.0722 0.0015192
threshold=15.147200000000002 9.5000000000000018 137.43100000000001 193.75820000000002 24.953305440665762 1407.9813555555559 130.67974285714288 437.01000000000005 105.92010000000002 749.32206666666673 99.04140000000001 55.500600000000013 48.45170000000001 160.68100000000001 3.6376000000000004 3.684375209253298 199.91960000000003 4.9734138114209863 86.360400000000013 8.3818714285714311 11.053100000000002 3.6376000000000004 0.3988000000000001
decision_type=2 2 2 2 2 2 2 2 2 2 2 2 2 2 2 2 2 2 2 2 2 2 2
left_child=14 8 5 4 -4 6 -3 -5 9 13 -11 -10 -13 -2 17 16 21 19 -17 20 -1 -16 -20
right_child=1 2 3 7 -6 -7 -8 -9 11 10 -12 12 -14 -15 15 18 -18 -19 22 -21 -22 -23 -24
leaf_value=-0.034843242797987249 0.011694367524126054 -0.022651546280292895 0.13821364199293393 -0.081599794808579124 -0.15478303477808369 0.88395713126217879 -0.15772449459078527 -0.68471280208655771 0.89845651258593018 -0.31468029185282914 0.13506135409065401 -0.64680003966276467 -0.0051000868905668297 0.50094395189784302 0.033969025643399132 0.00028205166371273144 0.15552725630837519 -0.18600698749606426 -0.18860264972783625 -0.13889863973855973 0.017443375248231193 -0.019628352547972617 -0.18983520939946175
leaf_weight=5415 12940 10866 1990 152 320 27 1124 70 23 110 3129 65 13627 43 91 28 37 26 20 25 113 2134 20
leaf_count=5415 12940 10866 1990 152 320 27 1124 70 23 110 3129 65 13627 43 91 28 37 26 20 25 113 2134 20
internal_value=6.95269e-11 0.0052964 -0.0161087 0.0652376 0.0976254 -0.0332485 -0.0353139 -0.271771 0.015699 0.0345739 0.119788 -0.00662606 -0.00814643 0.0133148 -0.0297908 -0.0174258 -0.0146071 -0.034955 -0.111189 -0.0342477 -0.0337744 -0.0174363 -0.189219
internal_weight=52395 44486 14549 2532 2310 12017 11990 222 29937 16222 3239 13715 13692 12983 7909 2330 2262 5579 68 5553 5528 2225 40
internal_count=52395 44486 14549 2532 2310 12017 11990 222 29937 16222 3239 13715 13692 12983 7909 2330 2262 5579 68 5553 5528 2225 40
is_linear=0
shrinkage=0.1


Tree=67
num_leaves=28
num_cat=0
split_feature=0 0 2 5 2 29 2 20 16 24 24 17 20 6 5 0 10 23 11 19 5 12 14 23 25 23 19
split_gain=812.661 1534.49 1446.52 2057.56 2697.1 1689.78 1439.47 1520.96 1415.84 2442.14 2993.53 2000.9 2659.54 1464.28 1454.39 1265.77 1340.39 1845.86 1207.53 1443.77 1207.18 1180.61 1173.54 2415.65 1642.96 761.865 941.721
threshold=17.500000000000004 12.500000000000002 7.5000000000000009 81.715800000000016 10.500000000000002 165.34305000000003 10.500000000000002 150.17473875661378 1030.1039750000002 26.883272863729257 31.876659904408154 879.22244444444459 124.06251825396829 108.25040000000001 126.14960000000002 7.5000000000000009 407.93392857142862 13.054585473902506 409.07000000000005 131.36245925925928 130.22182222222224 694.29000000000008 51.210000000000015 9.8177369560145316 28.456210090298551 26.011525641877455 122.66736666666669
decision_type=2 2 2 2 2 2 2 2 2 2 2 2 2 2 2 2 2 2 2 2 2 2 2 2 2 2 2
left_child=1 15 25 5 -5 -4 8 22 9 14 -11 12 -10 -13 -2 18 17 -17 19 -1 -20 -18 24 -24 -8 26 -3
right_child=6 2 3 4 -6 -7 7 -9 11 10 -12 13 -14 -15 -16 16 21 -19 20 -21 -22 -23 23 -25 -26 -27 -28
leaf_value=0.54879643530016986 0.029576310837974108 0.020401845061600657 0.00076870714370144244 -0.14738718864162234 0.044100657913192953 0.7825799140547004 -0.074825825592888764 -0.8049499707562584 0.16699393814609897 1.1678172716498376 -0.22709954309463504 -0.35300006696387481 1.2476047633422747 0.1207481523657094 -0.090889819114075773 0.7248202918037292 0.047561634986260787 -0.22024904282823687 -0.0032158467098046838 -0.12478851549900496 -0.078850199666401458 -0.028798917451169664 -0.033653219590092646 0.92038325478529759 -0.89405196714401258 0.62227948546409617 -0.12918910770107234
leaf_weight=82 9181 3752 2184 3518 930 28 1178 28 62 40 25 69 36 1198 1125 62 8123 31 14879 52 2459 2697 101 36 25 20 474
leaf_count=82 9181 3752 2184 3518 930 28 1178 28 62 40 25 69 36 1198 1125 62 8123 31 14879 52 2459 2697 101 36 25 20 474
internal_value=-9.76761e-11 -0.00719226 -0.0390744 -0.0681537 -0.10735 0.0106651 0.0215653 -0.0755116 0.032881 0.02028 0.631311 0.12862 0.563953 0.0949481 0.0164263 0.00505741 0.0317771 0.409797 -0.0116317 0.287405 -0.0139429 0.028528 -0.0602696 0.217042 -0.0918505 0.00653737 0.0036233
internal_weight=52395 39291 10906 6660 4448 2212 13104 1368 11736 10371 65 1365 98 1267 10306 28385 10913 93 17472 134 17338 10820 1340 137 1203 4246 4226
internal_count=52395 39291 10906 6660 4448 2212 13104 1368 11736 10371 65 1365 98 1267 10306 28385 10913 93 17472 134 17338 10820 1340 137 1203 4246 4226
is_linear=0
shrinkage=0.1


Tree=68
num_leaves=20
num_cat=0
split_feature=9 13 23 18 22 5 6 25 19 6 16 17 18 27 27 5 26 7 14
split_gain=779.537 1387.12 2622 1510.67 1524.48 1255.79 2989 1976.11 1911.63 3236.31 1823.47 1534.26 1050.29 2017.29 1634.27 788.916 2359.27 1244.11 591.646
threshold=84.436900000000009 79.533100436681238 19.571105844750701 1201.5775250000004 156.17992342923284 151.21920000000003 122.58414444444445 18.705215054089283 153.37660952380955 166.83672222222228 1407.9813555555559 1092.5919000000001 1271.1114750000002 190.65307142857145 190.65307142857145 97.201900000000009 70.684400000000025 110.89480000000002 76.126666666666679
decision_type=2 2 2 2 2 2 2 2 2 2 2 2 2 2 2 2 2 2 2
left_child=12 5 3 4 -3 8 7 -7 10 -10 -2 -8 13 15 -14 17 -17 -1 -5
right_child=1 2 -4 18 -6 6 11 -9 9 -11 -12 -13 14 -15 -16 16 -18 -19 -20
leaf_value=-0.010544475581528108 0.0084614791722541407 0.13741748257672501 1.3009301543235781 -0.086954210763392242 0.90248513615557135 -0.045734166276865995 -0.18203634439142802 -1.1042948622173734 0.65952494388971583 -0.15403691423790797 0.37148591441859447 0.0057198770691187645 -0.010699329329164405 0.94219016270204026 -1.0517458500862122 -0.31426684630284113 -0.030869559340502159 0.25027637481689452 -0.83063438415527358
leaf_weight=15986 30291 373 20 23 28 29 590 45 117 84 139 1659 38 22 25 335 2386 185 20
leaf_count=15986 30291 373 20 23 28 29 590 45 117 84 139 1659 38 22 25 335 2386 185 20
internal_value=2.93424e-10 0.00919173 0.180889 0.130436 0.190839 0.00677419 -0.0641118 -0.689454 0.0121501 0.319529 0.0101197 -0.0435359 -0.0161864 -0.0148286 -0.423813 -0.0159431 -0.0657604 -0.00756062 -0.432852
internal_weight=52395 33418 464 444 401 32954 2323 74 30631 201 30430 2249 18977 18914 63 18892 2721 16171 43
internal_count=52395 33418 464 444 401 32954 2323 74 30631 201 30430 2249 18977 18914 63 18892 2721 16171 43
is_linear=0
shrinkage=0.1


Tree=69
num_leaves=20
num_cat=0
split_feature=16 2 8 5 24 5 18 16 17 26 21 17 22 27 14 17 6 9 23
split_gain=744.985 1177.82 3309.49 1473.14 1711.79 736.667 732.284 3104.01 2125.54 2386.51 2303.69 1847.2 1754.19 1904.04 1693.27 1666.71 1460.39 1214.86 422.241
threshold=1612.2600000000002 10.500000000000002 154.48510000000002 193.75820000000002 18.62037299484361 163.61080000000001 1201.5775250000004 1456.001047619048 1138.5712777777781 145.39217500000004 117.39720370370371 1216.9235000000001 152.50687127976195 158.08540000000002 48.122500000000009 1271.1114750000002 170.94650000000004 138.17283333333336 4.6670224237113809
decision_type=2 2 2 2 2 2 2 2 2 2 2 2 2 2 2 2 2 2 2
left_child=6 3 -3 5 18 -2 7 12 9 14 -10 -9 16 -14 -8 -12 -1 -13 -5
right_child=1 2 -4 4 -6 -7 8 11 10 -11 15 17 13 -15 -16 -17 -18 -19 -20
leaf_value=-0.0004371985590008838 -0.0095316060951777873 1.613475478887558 0.00092781313828059616 0.2308546884306546 0.84399920196244216 -0.82872878468554956 0.050794433208379876 1.3380112045134107 1.0205448876727712 -1.0569138526916504 0.12417390882865063 0.0077110475437207658 1.0429867126047612 0.13401277622011762 -0.30322398909617365 -0.091997408216359197 -0.3059123862427986 0.90454215925672787 -0.2921676390098803
leaf_weight=49205 21 20 35 29 33 23 217 24 22 32 574 44 24 579 358 942 157 23 33
leaf_count=49205 21 20 35 29 33 23 217 24 22 32 574 44 24 579 358 942 157 23 33
internal_value=2.94951e-11 0.195599 0.587309 0.0406065 0.26216 -0.437748 -0.000726926 0.00172488 -0.0579426 -0.216397 0.00459444 0.585231 0.000662153 0.170191 -0.169621 -0.0101489 -0.00140879 0.315578 -0.0475282
internal_weight=52395 194 55 139 95 44 52201 50056 2145 607 1538 91 49965 603 575 1516 49362 67 62
internal_count=52395 194 55 139 95 44 52201 50056 2145 607 1538 91 49965 603 575 1516 49362 67 62
is_linear=0
shrinkage=0.1


Tree=70
num_leaves=15
num_cat=0
split_feature=0 11 6 23 25 27 6 5 1 23 25 21 29 5
split_gain=728.055 1740.61 1968.38 1495.26 1226.75 1068.49 1049.48 2201.32 1615.29 2595.43 1692.67 1475.36 1072.61 1086.59
threshold=1.0000000180025095e-35 413.53000000000003 176.05355000000003 26.011525641877455 14.916590064451558 165.66819047619049 193.75820000000002 163.61080000000001 5.5000000000000009 18.258094813773965 24.655452869233596 200.54507083333337 246.99400000000003 151.21920000000003
decision_type=2 2 2 2 2 2 2 2 2 2 2 2 2 2
left_child=1 4 3 5 -1 -3 11 -8 10 -10 -9 12 13 -2
right_child=6 2 -4 -5 -6 -7 7 8 9 -11 -12 -13 -14 -15
leaf_value=0.15631851226091387 -0.00069534099442298495 0.068860560481107849 -0.82047758790162895 0.7333309880457819 1.2639081475138665 -0.16604613761796996 1.1852645716071128 0.43936132136607331 0.2385539694922045 -1.0927388800515068 -0.040573445214279774 -0.80443627134613382 0.65151157355308531 -0.077074841993127571
leaf_weight=20 47852 1870 26 32 20 216 20 149 32 27 145 23 25 1938
leaf_count=20 47852 1870 26 32 20 216 20 149 32 27 145 23 25 1938
internal_value=-5.01172e-13 0.0565211 0.0443272 0.0549433 0.710113 0.0445366 -0.00245847 0.164656 0.106831 -0.370682 0.202659 -0.00370919 -0.00333949 -0.0036683
internal_weight=52395 2184 2144 2118 40 2086 50211 373 353 59 294 49838 49815 49790
internal_count=52395 2184 2144 2118 40 2086 50211 373 353 59 294 49838 49815 49790
is_linear=0
shrinkage=0.1


Tree=71
num_leaves=23
num_cat=0
split_feature=6 6 2 26 28 20 21 5 4 17 6 17 16 27 16 24 15 21 27 27 28 17
split_gain=745.797 1685.9 2713.28 4483.59 2757.54 1320.98 1780.62 1315.87 2168.69 1837.92 1738.48 1531.1 1326.36 2053.17 1412.9 1209.64 1205.82 894.647 947.158 872.044 764.127 594.703
threshold=152.87855555555561 154.48775714285713 9.5000000000000018 117.64122222222225 90.04040000000002 127.97938240740741 120.9810388888889 151.21920000000003 176.05355000000003 1005.3179777777779 122.58414444444445 903.22280000000012 1146.1058 215.6746666666667 1069.0960000000002 14.536740425692519 51.021111111111118 166.68793958333336 215.6746666666667 161.01280000000006 110.67375000000001 1074.4925555555558
decision_type=2 2 2 2 2 2 2 2 2 2 2 2 2 2 2 2 2 2 2 2 2 2
left_child=7 2 19 4 -4 -3 -7 8 17 -10 11 -9 14 -14 -12 -8 -13 18 -1 21 -21 -2
right_child=1 5 3 -5 -6 6 15 10 9 -11 12 16 13 -15 -16 -17 -18 -19 -20 20 -22 -23
leaf_value=-0.00088583705345247367 -0.63281099219685022 -0.61813466178794063 0.51217492903981898 -0.17386862834294636 2.0280740029045514 0.93437454971400191 -0.089594543864329662 0.031090590666080345 1.4021567496657372 0.15607110796303586 -0.066646164923743048 -1.2615571960806848 0.098529537688719304 -0.93909501552581787 -0.4307257484804633 0.079081561851760129 -0.29983009804378857 -0.52143105412974511 0.6274791195988656 -0.13985189596811931 0.6414051321245009 0.011446234113291692
leaf_weight=49001 23 31 21 30 28 22 600 29 20 29 308 32 410 20 163 1459 22 33 24 21 31 38
leaf_count=49001 23 31 21 30 28 22 600 29 20 29 308 32 410 20 163 1459 22 33 24 21 31 38
internal_value=-5.93283e-11 0.0556293 0.339337 0.788933 1.3784 0.0298378 0.0394904 -0.00255874 -0.000264431 0.664677 -0.117057 -0.554994 -0.0767149 0.0502679 -0.192644 0.0299287 -0.869742 -0.000928587 -0.000578223 0.0250175 0.325897 -0.23147
internal_weight=52395 2304 192 79 49 2112 2081 50091 49107 49 984 83 901 430 471 2059 54 49058 49025 113 52 61
internal_count=52395 2304 192 79 49 2112 2081 50091 49107 49 984 83 901 430 471 2059 54 49058 49025 113 52 61
is_linear=0
shrinkage=0.1


Tree=72
num_leaves=20
num_cat=0
split_feature=10 24 24 26 13 24 20 16 13 18 24 14 10 23 25 0 6 5 5
split_gain=716.332 3205.16 2488.94 2775.11 1690.7 1655.77 1649.74 1608.82 1600.32 1791.55 4063.23 1495.71 1163 1364.98 1773.8 1007.84 996.559 1951.66 1405.34
threshold=666.25000000000011 31.876659904408154 24.953305440665762 76.743600000000015 60.670833333333334 16.758053015219382 114.38311111111112 1366.5122000000003 79.533100436681238 1330.3330000000003 21.097162948328421 21.50714285714286 524.8366666666667 27.501519857020138 25.19033251473493 20.500000000000004 149.86590000000004 128.78370000000004 120.31070000000001
decision_type=2 2 2 2 2 2 2 2 2 2 2 2 2 2 2 2 2 2 2
left_child=8 2 5 6 -5 7 -4 -2 12 10 15 -7 16 14 -14 -10 18 -18 -1
right_child=1 -3 3 4 -6 11 -8 -9 9 -11 -12 -13 13 -15 -16 -17 17 -19 -20
leaf_value=0.0076667382700877284 -0.011087989876728162 -0.96118820284803719 1.7440233778953553 0.35982590407646936 -0.68735910185745785 0.68193099766969689 0.50218985728595567 -0.76986930636422979 0.1154571026969165 -0.56895994886204049 1.6601343408226967 -0.19549847054151226 0.066963157543106083 -0.74788990005850797 0.60936514139175424 0.60827591151607285 0.39688273543738817 0.039385829605533308 -0.041671232364719327
leaf_weight=25592 13752 36 20 58 21 20 23 28 271 27 20 679 2189 20 62 49 166 1907 7455
leaf_count=25592 13752 36 20 58 21 20 23 28 271 27 20 679 2189 20 62 49 166 1907 7455
internal_value=-6.96269e-11 -0.0187798 -0.0164562 0.433329 0.0814603 -0.0202461 1.07979 -0.0126298 0.00728004 0.215082 0.277344 -0.170393 0.00524042 0.074595 0.0819027 0.19092 0.000755679 0.0680132 -0.00346331
internal_weight=52395 14637 14601 122 79 14479 43 13780 37758 367 340 699 37391 2271 2251 320 35120 2073 33047
internal_count=52395 14637 14601 122 79 14479 43 13780 37758 367 340 699 37391 2271 2251 320 35120 2073 33047
is_linear=0
shrinkage=0.1


Tree=73
num_leaves=14
num_cat=0
split_feature=16 8 4 22 5 29 15 7 4 5 15 5 1
split_gain=722.58 3158.42 2478.47 2217 1798.68 2205.36 1522.93 1233.18 1422.64 2686.98 1230.15 1122.13 655.95
threshold=906.49390000000005 44.826510684931513 158.32276666666669 76.749741666666679 114.51327500000001 117.25440000000002 81.090000000000018 170.94650000000004 145.32730000000004 142.69363888888893 45.505555555555567 102.09656666666667 3.5000000000000004
decision_type=2 2 2 2 2 2 2 2 2 2 2 2 2
left_child=2 -2 7 10 5 -5 -6 8 11 -10 -3 -1 -9
right_child=1 3 -4 4 6 -7 -8 12 9 -11 -12 -13 -14
leaf_value=0.0037932639998984352 1.0808310069143772 -1.159392375142003 -1.0680497895587575 -0.23773774790667718 -0.0029267725077282078 0.11942027110340936 0.27628060625725659 -0.8116142703486342 -0.13543909289874137 0.94015105658107334 -0.18373907562345268 -0.034582000821105956 -0.15355616767298094
leaf_weight=28192 28 24 22 186 10668 2452 199 28 48 45 28 10442 33
leaf_count=28192 28 24 22 186 10668 2452 199 28 48 45 28 10442 33
internal_value=-1.72434e-10 0.0198491 -0.00694794 0.0176578 0.0201671 0.0942378 0.00218616 -0.0063461 -0.00563844 0.385008 -0.634041 -0.00657881 -0.455616
internal_weight=52395 13585 38810 13557 13505 2638 10867 38788 38727 93 52 38634 61
internal_count=52395 13585 38810 13557 13505 2638 10867 38788 38727 93 52 38634 61
is_linear=0
shrinkage=0.1


Tree=74
num_leaves=20
num_cat=0
split_feature=6 18 22 9 5 10 4 5 7 26 17 5 26 11 4 18 8 4 11
split_gain=705.826 2581.36 2103.41 2222.5 2100.01 2332.3 1802.68 1768.38 2345.76 1604.99 3095.82 1537.03 1364.58 2064.03 2060.36 1244.79 1227.82 1358.47 1094.98
threshold=119.10660000000003 1456.001047619048 143.07071190476194 139.68120000000002 141.89180000000002 422.42678571428576 132.23120000000003 116.93730000000001 76.313500000000019 69.055600000000013 1112.5634666666667 94.209400000000002 69.427700000000016 424.23000000000008 120.65866666666668 854.78546666666682 78.22020000000002 92.206600000000023 434.70555555555558
decision_type=2 2 2 2 2 2 2 2 2 2 2 2 2 2 2 2 2 2 2
left_child=1 2 4 -4 15 -6 -5 8 -2 10 -10 -11 13 -9 -15 -1 18 -18 -14
right_child=7 -3 3 6 5 -7 -8 12 9 11 -12 -13 16 14 -16 -17 17 -19 -20
leaf_value=0.0020183396642397804 -0.93357319127429617 -0.85321425033940201 -0.51426370342572525 0.27300598055124281 -1.2958020106605863 -0.2118775646234381 1.0803203781930413 -1.151333424806595 0.056973117760249548 -0.30077631853055209 1.5927855378815108 0.1073344469264981 1.0294818872755225 0.52457319401925617 -0.53019457938878434 -0.046436734298013677 -0.60989640454451255 0.0054267872153701598 0.070909366240868202
leaf_weight=32245 22 36 24 85 23 145 41 25 35 96 21 2384 22 31 46 6345 36 10707 26
leaf_count=32245 22 36 24 85 23 145 41 25 35 96 21 2384 22 31 46 6345 36 10707 26
internal_value=4.47409e-12 -0.0068212 -0.00603807 0.367709 -0.00748453 -0.360272 0.535704 0.0197491 0.0945718 0.103491 0.632903 0.0915366 0.00217847 -0.361868 -0.105548 -0.00594868 0.00561955 0.00336483 0.510255
internal_weight=52395 38944 38908 150 38758 168 126 13451 2558 2536 56 2480 10893 102 77 38590 10791 10743 48
internal_count=52395 38944 38908 150 38758 168 126 13451 2558 2536 56 2480 10893 102 77 38590 10791 10743 48
is_linear=0
shrinkage=0.1


Tree=75
num_leaves=27
num_cat=0
split_feature=10 14 23 14 11 26 15 8 26 23 12 23 9 6 5 8 13 29 9 28 25 0 0 29 28 28
split_gain=725.567 1701.81 1313.02 1461.57 1182.02 1820.76 1576.77 1554.94 1425.46 1163.89 1110.01 1314.35 1403.4 1166.79 1522.47 1069.46 1575.45 947.355 865.497 1851.65 1544.43 1125.82 1332.27 1145.06 1101.27 772.694
threshold=413.53000000000003 47.990000000000002 10.137330254595524 54.042222222222229 430.53666666666675 58.287000000000006 40.365714285714297 91.510000000000005 111.04135714285717 5.0429010280775275 415.59000000000009 9.3697829739462115 145.34310000000002 58.310200000000016 113.51430000000002 147.31900000000005 46.163333333333334 191.77420000000004 78.638800000000018 76.591300000000018 35.273738004695637 17.500000000000004 11.500000000000002 200.0815666666667 76.76441111111113 109.67150000000002
decision_type=2 2 2 2 2 2 2 2 2 2 2 2 2 2 2 2 2 2 2 2 2 2 2 2 2 2
left_child=1 4 3 9 5 7 -6 -1 -7 -3 11 12 25 -13 -15 16 -4 -17 19 20 -12 22 -20 -23 -21 -2
right_child=10 2 15 -5 6 8 -8 -9 -10 -11 18 13 -14 14 -16 17 -18 -19 21 24 -22 23 -24 -25 -26 -27
leaf_value=0.18638315171753086 0.0051396182559705836 -0.17706002893929298 -0.32411531146432537 0.98610227862993893 -0.8932088990421857 -0.094550557012028968 0.14130014353073561 1.0499156347320726 0.24840822022434483 0.33883558911288331 -0.013736820906045234 -0.73278996828411314 0.83544895574450495 -0.032404406977817421 -0.3064421567880164 -0.63135835528373718 0.24599682291559244 0.13921519738656504 0.015172194252952782 -0.94683555570932543 -0.63592141907662159 0.049320518611632558 -0.03385443221362102 -0.19799643865165611 -0.23932185664356173 -0.54881050847470758
leaf_weight=159 799 52 61 30 34 827 26 24 142 275 15362 35 20 500 341 39 236 27 17331 26 40 7499 8149 192 143 26
leaf_count=159 799 52 61 30 34 827 26 24 142 275 15362 35 20 500 341 39 236 27 17331 26 40 7499 8149 192 143 26
internal_value=1.06691e-10 0.0601418 0.181911 0.318083 -0.0121962 0.0103416 -0.444922 0.299633 -0.0442924 0.256797 -0.00230256 -0.0812319 0.00774729 -0.167062 -0.143518 0.0479891 0.128903 -0.316124 0.000484308 -0.0189649 -0.0153527 0.00961408 -0.000507475 0.0431464 -0.34817 -0.0123182
internal_weight=52395 1932 720 357 1212 1152 60 183 969 327 50463 1721 845 876 841 363 297 66 48742 15571 15402 33171 25480 7691 169 825
internal_count=52395 1932 720 357 1212 1152 60 183 969 327 50463 1721 845 876 841 363 297 66 48742 15571 15402 33171 25480 7691 169 825
is_linear=0
shrinkage=0.1


Tree=76
num_leaves=27
num_cat=0
split_feature=7 27 26 24 25 17 16 7 4 6 24 0 10 2 14 13 6 22 22 28 22 25 12 10 6 10
split_gain=672.38 1956.6 2098.08 2307.42 1744.34 2532 2984.94 1825.69 1684.19 4425.73 2022.84 1484.72 1307.73 1299.46 1456.5 2646.05 2299.4 1231.46 2123.33 1603.14 1141.62 1099.22 1347.34 949.055 911.819 672.977
threshold=133.26260000000002 173.39020000000002 71.730100000000007 17.994177404835039 20.166558537110326 912.13962500000014 1120.4703000000002 140.43695000000002 104.37010000000002 138.9310428571429 20.712483866228904 13.500000000000002 693.63000000000011 9.5000000000000018 48.305555555555564 51.505555555555567 136.78270000000003 150.51647671957673 156.17992342923284 121.2 144.15128986441803 17.265205202844871 428.27083333333337 441.59000000000009 134.34830000000002 435.81000000000006
decision_type=2 2 2 2 2 2 2 2 2 2 2 2 2 2 2 2 2 2 2 2 2 2 2 2 2 2
left_child=1 17 -3 11 13 6 7 -6 9 -7 -10 -4 -5 21 15 -15 -16 19 25 20 -1 24 -23 -21 -2 -19
right_child=4 2 3 12 5 8 -8 -9 10 -11 -12 -13 -14 14 16 -17 -18 18 -20 23 -22 22 -24 -25 -26 -27
leaf_value=-0.0026238119330615128 -0.0054567210687693187 0.70995228815078737 0.67490943627388678 -0.24726060742881439 0.69049758670851591 0.083157107677931594 1.5726099535822868 0.10480558979061415 0.15519664909821887 1.8008548092842103 -0.06387279897591927 -0.2509711906827729 -0.77344839741598892 -0.1593887031175075 -0.17387377392975678 -1.1119932263128218 0.13681447991115206 0.44709939509630203 -0.31589570665359501 -0.19788410054011779 0.40444874819638077 -0.47311803833689803 -0.031594041261864318 -0.95993097218183365 0.10304455954869614 1.2292740331454712
leaf_weight=44557 1490 25 43 434 80 60 20 159 823 20 864 29 53 491 447 31 510 22 25 44 69 86 352 26 1613 22
leaf_count=44557 1490 25 43 434 80 60 20 159 823 20 864 29 53 491 447 31 510 22 25 44 69 86 352 26 1613 22
internal_value=8.30111e-11 -0.00446529 -0.186322 -0.226406 0.0287392 0.10706 0.399058 0.300853 0.0642599 0.512582 0.0429998 0.301985 -0.304525 -0.00286987 -0.0815942 -0.215961 -0.00830323 -0.00209281 0.420041 -0.00274448 -0.0019944 0.0300116 -0.118286 -0.48093 0.0509444 0.838187
internal_weight=52395 45349 584 559 7046 2026 259 239 1767 80 1687 72 487 5020 1479 522 957 44765 69 44696 44626 3541 438 70 3103 44
internal_count=52395 45349 584 559 7046 2026 259 239 1767 80 1687 72 487 5020 1479 522 957 44765 69 44696 44626 3541 438 70 3103 44
is_linear=0
shrinkage=0.1


Tree=77
num_leaves=23
num_cat=0
split_feature=16 2 10 10 7 14 4 5 27 23 14 0 22 8 23 27 25 23 7 16 12 0
split_gain=623.879 792.543 1834.08 3682.14 2725.52 2322.52 2100.11 1784.52 1495.59 1155.92 1565.26 912.427 1862.81 1242.23 39.4477 33.405 22.4283 25.2424 16.2369 5.90285 1.01831 0.638075
threshold=66.995467205692123 9.5000000000000018 448.74500000000006 436.99000000000007 210.27833333333336 21.50714285714286 119.10660000000003 163.61080000000001 203.28525000000005 33.568982709405596 47.882857142857155 5.5000000000000009 95.767491666666686 104.0168 4.130267934925226 0.49316329398538511 7.9611483947165871 2.5717918194792162 3.8014000000000006 5.2822000000000005 418.8944444444445 10.500000000000002
decision_type=2 2 2 2 2 2 2 2 2 2 2 2 2 2 2 2 2 2 2 2 2 2
left_child=14 9 3 4 -3 7 -5 -4 -7 11 -11 12 -2 -13 15 19 17 -17 -18 20 -1 -21
right_child=1 2 5 6 -6 8 -8 -9 -10 10 -12 13 -14 -15 -16 16 18 -19 -20 21 -22 -23
leaf_value=-0.043481846736825036 0.049885795710963965 -0.026917641670270793 1.1907485961914064 0.0150978968655207 -1.0941075854624311 -0.081327878307642765 0.18299675416860806 0.0074658819402639688 -0.50905377011568775 -1.1241523027420044 -0.0059906500722131419 0.0020392516701498663 -0.053261701851948118 0.048613507362613273 -0.14565423809524095 -0.024087309476000036 -0.035773621803230564 0.072811072457719728 -0.15593980997800827 -0.043147511302300219 -0.059798454555645912 -0.03668201800953183
leaf_weight=46 2750 8360 25 1483 24 3050 1497 26 84 21 31 12008 4819 10948 28 6271 23 27 22 265 227 360
leaf_count=46 2750 8360 25 1483 24 3050 1497 26 84 21 31 12008 4819 10948 28 6271 23 27 22 265 227 360
internal_value=2.66933e-11 0.00437955 -0.0148327 0.00396394 -0.0299726 -0.0818988 0.0994417 0.587506 -0.0927921 0.013521 -0.457556 0.0143235 -0.0157857 0.0242511 -0.0271883 -0.0267302 -0.0241745 -0.0236719 -0.0945215 -0.0447818 -0.0570491 -0.0394234
internal_weight=52395 45126 14549 11364 8384 3185 2980 51 3134 30577 52 30525 7569 22956 7269 7241 6343 6298 45 898 273 625
internal_count=52395 45126 14549 11364 8384 3185 2980 51 3134 30577 52 30525 7569 22956 7269 7241 6343 6298 45 898 273 625
is_linear=0
shrinkage=0.1


Tree=78
num_leaves=25
num_cat=0
split_feature=0 23 27 5 4 18 26 25 0 23 4 5 24 23 17 11 0 6 7 21 0 9 2 24
split_gain=651.825 1470.29 1379.84 1895.53 1769.03 1382.61 1146.34 815.142 769.376 2337.35 2850.72 3182.25 2693.02 2659.93 1733.34 1488.45 1345.08 1680.2 1912.4 1774.12 1519.45 1529.42 1489.06 561.298
threshold=1.0000000180025095e-35 26.011525641877455 166.87212698412699 132.75590000000003 151.21920000000003 1250.3635238095242 94.985800000000012 18.705215054089283 6.5000000000000009 27.501519857020138 158.32276666666669 129.29140000000004 25.905757781677043 19.188604885696204 992.62860000000012 425.22250000000008 10.500000000000002 103.06290000000001 166.83672222222228 123.6967615410053 16.500000000000004 193.75820000000002 7.5000000000000009 29.901292071520967
decision_type=2 2 2 2 2 2 2 2 2 2 2 2 2 2 2 2 2 2 2 2 2 2 2 2
left_child=1 2 5 7 -5 6 -1 -4 9 10 11 -2 14 -12 -11 -14 17 19 -19 -10 22 -22 -18 -3
right_child=8 23 3 4 -6 -7 -8 -9 16 12 13 -13 15 -15 -16 -17 20 18 -20 -21 21 -23 -24 -25
leaf_value=-0.0013137249253254305 -0.0095288934318144003 0.27958044052124026 -1.2382108271121979 0.30805530365132078 -0.33548564774695266 0.8082230997085571 0.15865350464147965 -0.40233195008976125 -0.0016084855955670085 -0.50890989441138046 0.078474199346777407 -0.17037262924515073 -0.77885776042938237 0.67116781907890921 -1.73041166727032 0.25796114424864452 0.011833797422058036 0.093698251814445965 -0.22943114514721083 -0.74913108358159664 0.017572643283263512 -0.57285053052685475 -0.05740433219985519 1.0287786006927491
leaf_weight=1175 11254 20 20 79 93 25 724 28 4052 26 248 1381 20 109 21 45 5074 4461 191 32 15244 44 8009 20
leaf_count=1175 11254 20 20 79 93 25 724 28 4052 26 248 1381 20 109 21 45 5074 4461 191 32 15244 44 8009 20
internal_value=-3.3055e-11 0.0534803 0.0422732 -0.19497 -0.0399058 0.0694008 0.0596743 -0.750615 -0.0023262 -0.0231565 -0.0192352 -0.027109 -0.478029 0.259437 -1.05469 -0.0610601 0.00502984 0.0393403 0.0804313 -0.00746567 -0.00553504 0.0158734 -0.0305516 0.65418
internal_weight=52395 2184 2144 220 172 1924 1899 48 50211 13104 12992 12635 112 357 47 65 37107 8736 4652 4084 28371 15288 13083 40
internal_count=52395 2184 2144 220 172 1924 1899 48 50211 13104 12992 12635 112 357 47 65 37107 8736 4652 4084 28371 15288 13083 40
is_linear=0
shrinkage=0.1


Tree=79
num_leaves=28
num_cat=0
split_feature=10 8 6 23 5 6 23 16 26 14 12 24 11 11 15 12 24 9 15 22 24 9 19 16 22 18 21
split_gain=659.678 1559.58 3623.04 2340.36 2242.54 2287.68 1371.18 1329.4 1198.6 1031.54 856.771 1088.3 1792.87 2139.37 2073.14 857.776 1163.94 831.056 739.726 703.917 624.851 1758.18 2458.9 2351.93 1165.39 1645.41 1447.94
threshold=413.53000000000003 109.26943333333334 126.14960000000002 11.726790379331401 89.845600000000005 106.95950000000001 9.3697829739462115 687.23810000000014 97.404500000000013 19.426326530612247 415.59000000000009 11.845026072494255 422.65222222222229 427.4828571428572 48.863333333333337 413.92666666666668 9.453255591664556 102.45290000000001 23.710000000000004 108.54017800925926 14.703885138085774 134.90628888888895 204.24902222222246 1456.001047619048 154.27166531084657 1009.2138222222223 144.72848240740743
decision_type=2 2 2 2 2 2 2 2 2 2 2 2 2 2 2 2 2 2 2 2 2 2 2 2 2 2 2
left_child=1 2 9 -4 7 8 -7 -3 -6 -1 11 15 14 -14 -13 18 -17 -11 -2 -5 24 22 -22 -23 26 -26 -12
right_child=10 4 3 19 5 6 -8 -9 -10 17 20 12 13 -15 -16 16 -18 -19 -20 -21 21 23 -24 -25 25 -27 -28
leaf_value=-0.57698734495788817 -0.50426268631761728 0.2172792594631513 0.082292292515436807 -0.80187433123588558 -0.10553028404160783 0.38747040061818233 0.084674477804402071 1.1130643408946896 -0.82003240692118817 0.10359549857047763 -0.0056310924647621748 -0.36755769514183445 0.45778879804172734 -0.15440639690552133 0.15089112630015927 -0.29150756473862688 0.097294540744448127 -0.093734241367183016 0.085780298483487519 -1.6408719908446074 0.00062519114102963771 0.071395283312000665 -0.95580750505129497 0.47300757353122419 0.42098643429577348 -0.25916879660336772 0.1538023733885179
leaf_weight=28 22 30 21 20 108 225 446 37 30 649 39332 410 87 166 95 191 129 318 621 20 6054 2234 27 156 40 321 578
leaf_count=28 22 30 21 20 108 225 446 37 30 649 39332 410 87 166 95 191 129 318 621 20 6054 2234 27 156 40 321 578
internal_value=-5.96534e-11 0.0573461 -0.0244853 -0.77257 0.155992 0.109947 0.186208 0.711967 -0.260857 0.0213772 -0.00219552 -0.0715392 -0.161171 0.0561113 -0.270028 -0.000987708 -0.134772 0.0387032 0.0655922 -1.22137 0.000252888 0.0249397 -0.00362143 0.0976093 -0.00493998 -0.183805 -0.00332208
internal_weight=52395 1932 1056 61 876 809 671 67 138 995 50463 1721 758 253 505 963 320 967 643 40 48742 8471 6081 2390 40271 361 39910
internal_count=52395 1932 1056 61 876 809 671 67 138 995 50463 1721 758 253 505 963 320 967 643 40 48742 8471 6081 2390 40271 361 39910
is_linear=0
shrinkage=0.1


Tree=80
num_leaves=25
num_cat=0
split_feature=5 2 15 23 10 8 26 14 8 19 10 6 5 15 0 21 10 21 10 21 24 27 14 26
split_gain=544.169 1864.39 2652.83 2097.23 3214.14 1997.01 2654.73 1809.15 1872.65 1296.25 1829.84 1956.57 2014.66 1607.58 1185.61 1169 3465.93 1378.17 1430.96 1158.11 1120.07 949.116 572.351 533.619
threshold=151.21920000000003 7.5000000000000009 59.410000000000011 20.974599651909994 431.08285714285722 160.69125000000003 120.78847500000002 55.230952380952395 90.142800000000008 150.08414047619061 845.31174311926611 166.83672222222228 149.86590000000004 47.221111111111121 9.5000000000000018 166.68793958333336 434.8633333333334 152.02625072751326 424.82666666666671 161.97043627645505 13.796144230733061 193.65980000000005 51.705555555555563 120.17850000000001
decision_type=2 2 2 2 2 2 2 2 2 2 2 2 2 2 2 2 2 2 2 2 2 2 2 2
left_child=9 3 7 14 -5 6 -4 8 -3 15 11 12 -11 -13 22 17 -17 21 -19 -9 -16 -1 -2 -6
right_child=1 2 5 4 23 -7 -8 19 -10 10 -12 13 -14 -15 20 16 -18 18 -20 -21 -22 -23 -24 -25
leaf_value=0.00078231264670465767 0.12281467659132822 0.76889815282821661 -0.69400499004584093 -0.34814799371219818 0.81060254261607223 -1.4384729680418968 0.31646542037144687 0.36541319894637414 -0.10316793245064844 0.2636112428892593 -0.74597153857350351 -0.93278112262487411 1.0279555341092552 0.062565970299548884 -0.030366246262307984 0.39672461698452632 -1.2548863966431885 0.91539489339899127 0.1490887225136161 -0.39987086679624473 0.32873265488062081 -0.28316656554244085 -0.35527382192455909 1.5234902222951254
leaf_weight=49068 35 25 78 21 21 20 39 141 1637 217 20 20 41 86 181 24 27 27 250 23 167 118 88 21
leaf_count=49068 35 25 78 21 21 20 39 141 1637 217 20 20 41 86 181 24 27 27 250 23 167 118 88 21
internal_value=4.87159e-11 -0.0455569 -0.090625 0.120115 0.661982 -0.515034 -0.357182 -0.0587827 -0.0900502 0.00227976 0.185301 0.236469 0.385077 -0.125235 0.0476358 0.000860366 -0.477658 0.00135375 0.223783 0.258087 0.14196 0.000101103 -0.219232 1.16705
internal_weight=52395 2497 1963 534 63 137 117 1826 1662 49898 384 364 258 106 471 49514 51 49463 277 164 348 49186 123 42
internal_count=52395 2497 1963 534 63 137 117 1826 1662 49898 384 364 258 106 471 49514 51 49463 277 164 348 49186 123 42
is_linear=0
shrinkage=0.1


Tree=81
num_leaves=24
num_cat=0
split_feature=10 14 17 27 15 24 7 6 19 27 25 12 9 14 4 14 9 26 9 16 26 14 8
split_gain=533.1 1332.03 1139.29 1327.06 1614.53 1260.21 973.092 2373.48 2647.01 931.553 1195.61 696.461 1060.1 2325.52 1353.43 1541.59 1121.12 1053.29 584.821 1285.3 1128.32 1098.96 1042.18
threshold=413.53000000000003 47.990000000000002 1330.3330000000003 177.35620000000003 33.645000000000003 19.397089570257805 141.89180000000002 149.86590000000004 133.3462785714286 198.15174285714289 20.423699598117022 415.59000000000009 142.70302222222224 42.867500000000007 132.75590000000003 41.882857142857155 147.31900000000005 63.901800000000001 84.828400000000016 1407.9813555555559 19.841882270742364 86.070000000000007 151.21920000000003
decision_type=2 2 2 2 2 2 2 2 2 2 2 2 2 2 2 2 2 2 2 2 2 2 2
left_child=1 2 3 5 -5 -1 7 8 -3 10 -8 12 14 -14 17 -16 -15 -2 19 22 -20 -22 -13
right_child=11 6 -4 4 -6 -7 9 -9 -10 -11 -12 18 13 16 15 -17 -18 -19 20 -21 21 -23 -24
leaf_value=-0.037290462143413548 -0.21817985528322398 0.24703874623224342 0.55824054409475898 0.15418744200751897 -0.98143728010116082 0.35282199458115637 -0.035574383402274833 1.1245567001678327 -0.38914950033028922 0.42973624964555102 -0.87272061705589299 -0.013749903482948312 1.2102866825461387 0.6432108559391716 -0.9091766213759398 -0.18397097081198532 -0.17517652319478139 -0.010576890948523199 0.62167337015271196 -0.6471467399969697 0.0067205432609032459 0.2703093782348453 0.6079940407364457
leaf_weight=1036 311 511 34 21 31 90 59 27 75 24 24 18165 20 22 39 118 70 1141 30 32 30329 159 27
leaf_count=1036 311 511 34 21 31 90 59 27 75 24 24 18165 20 22 39 118 70 1141 30 32 30329 159 27
internal_value=9.64793e-11 0.0515516 -0.0124467 -0.0289181 -0.52282 -0.00610918 0.159282 0.207853 0.165615 -0.118977 -0.277641 -0.00197368 -0.0644943 0.232982 -0.0852011 -0.364118 0.0205248 -0.0550428 0.000233821 -0.0139409 0.00869837 0.0080952 -0.0128271
internal_weight=52395 1932 1212 1178 52 1126 720 613 586 107 83 50463 1721 112 1609 157 92 1452 48742 18224 30518 30488 18192
internal_count=52395 1932 1212 1178 52 1126 720 613 586 107 83 50463 1721 112 1609 157 92 1452 48742 18224 30518 30488 18192
is_linear=0
shrinkage=0.1


Tree=82
num_leaves=24
num_cat=0
split_feature=5 26 16 1 23 10 6 18 22 21 5 18 16 28 10 22 26 14 23 23 5 15 16
split_gain=551.698 2284.13 1967.33 3711.37 2131.46 2041.69 1904.82 1720.1 1499.28 1606.11 1521.22 1751.4 1592.58 1370.68 2705.98 3284.66 3249.31 1462.34 2086.03 1860.75 874.567 909.175 825.295
threshold=128.78370000000004 124.01620000000001 1188.2941333333335 5.5000000000000009 15.848650735727825 451.01000000000005 120.65866666666668 1456.001047619048 141.09798498677253 142.56943961640215 144.36690000000002 1155.7696444444448 996.17510000000004 85.402600000000021 442.88285714285718 128.98471927910057 84.856100000000012 73.610000000000028 14.801898718927568 29.755550022879799 126.97290000000002 49.557777777777787 802.58060000000012
decision_type=2 2 2 2 2 2 2 2 2 2 2 2 2 2 2 2 2 2 2 2 2 2 2
left_child=1 2 7 5 -5 -4 8 22 10 -10 12 -12 -2 14 16 -16 -8 19 -19 -15 21 -3 -1
right_child=6 20 3 4 -6 -7 13 -9 9 -11 11 -13 -14 17 15 -17 -18 18 -20 -21 -22 -23 -24
leaf_value=-0.0065306216883260597 -0.22192602831502956 -0.2236978277564049 0.29039063103228191 0.42890537702120268 1.7504619776554731 -0.28372081355447626 -0.13233455740796624 -0.75528460631767913 0.75260093039587928 -0.17949481176005469 -0.30772870236104083 -1.2425899238586426 0.032346311137455536 -0.026013149070801756 -0.012041770667967329 -0.98821704447465519 0.35886665494486569 0.069037282449561505 0.74235722723283937 -0.52717361499865845 0.8647441947146467 0.58018482851741071 0.024128105091328983
leaf_weight=30870 649 24 194 26 23 91 186 30 38 36 101 25 397 6077 371 38 488 258 56 75 38 34 12270
leaf_count=30870 649 24 194 26 23 91 186 30 38 36 101 25 397 6077 371 38 488 258 56 75 38 34 12270
internal_value=1.58003e-10 0.00460872 0.00353352 0.245297 1.04923 0.107078 -0.0228471 0.00166303 -0.137397 0.299149 -0.164961 -0.493217 -0.125419 -0.00394004 0.100178 -0.102738 0.223313 -0.021379 0.18912 -0.0321229 0.491852 0.247544 0.00218942
internal_weight=52395 43600 43504 334 49 285 8795 43170 1246 74 1172 126 1046 7549 1083 409 674 6466 314 6152 96 58 43140
internal_count=52395 43600 43504 334 49 285 8795 43170 1246 74 1172 126 1046 7549 1083 409 674 6466 314 6152 96 58 43140
is_linear=0
shrinkage=0.1


Tree=83
num_leaves=21
num_cat=0
split_feature=5 8 26 12 9 6 19 25 25 6 18 13 15 27 8 26 17 18 16 4
split_gain=516.546 2356.85 2033.61 1836.74 2302.94 1708.64 1701.07 1855.7 2584.2 1875.95 1613.31 1545.72 1498.86 934.001 1756.21 1579.15 1572.3 877.661 1399.06 1384.67
threshold=115.21870000000001 60.713733333333344 68.681900000000027 415.59000000000009 66.574500000000015 84.436900000000009 117.15370000000017 25.19033251473493 19.706064267380203 127.4463888888889 1074.4834126984128 25.045000000000005 53.221111111111121 158.08540000000002 170.94650000000004 62.826200000000007 928.80871428571447 955.44950000000006 759.88177500000018 127.4463888888889
decision_type=2 2 2 2 2 2 2 2 2 2 2 2 2 2 2 2 2 2 2 2
left_child=6 -2 3 -3 -5 -4 13 8 12 -10 -9 -7 -8 17 15 -15 -16 18 -1 -19
right_child=1 2 5 4 -6 11 7 10 9 -11 -12 -13 -14 14 16 -17 -18 19 -20 -21
leaf_value=-0.0060279094764572015 0.88540547387353308 -1.2059619768099352 -0.8742674485496853 -1.2352084112167359 -0.088053772468119865 0.22367257512290115 0.20847408090785624 0.16798235550522805 1.1584366851619312 0.24329842229684195 -0.93200890938440972 -0.015990419863923855 -0.048227318610521513 1.0782614839076996 0.029432123835857322 0.16862257435835221 -0.98968987427651889 -0.052420220923423771 0.044760071214588082 -0.54558382940999539
leaf_weight=26710 29 22 23 20 140 274 593 24 42 48 30 15079 369 20 41 417 24 1625 6806 59
leaf_count=26710 29 22 23 20 140 274 593 24 42 48 30 15079 369 20 41 417 24 1625 6806 59
internal_value=-6.40315e-11 -0.0152581 -0.0169369 -0.349246 -0.231448 -0.0130035 0.0064613 0.128601 0.157949 0.670363 -0.443124 -0.0117132 0.11001 0.00267756 0.138118 0.210254 -0.346859 0.000746002 0.00428546 -0.0696985
internal_weight=52395 15587 15558 182 160 15376 36808 1106 1052 90 54 15353 962 35702 502 437 65 35200 33516 1684
internal_count=52395 15587 15558 182 160 15376 36808 1106 1052 90 54 15353 962 35702 502 437 65 35200 33516 1684
is_linear=0
shrinkage=0.1


Tree=84
num_leaves=15
num_cat=0
split_feature=0 11 6 23 25 12 6 5 17 23 9 21 29 5
split_gain=515.601 1407.65 1552.6 1146.41 941.309 860.973 656.299 1680.13 1472.87 2959.65 2037.92 1136.19 825.209 906.738
threshold=1.0000000180025095e-35 413.53000000000003 176.05355000000003 27.501519857020138 14.916590064451558 415.19000000000005 193.75820000000002 163.61080000000001 1330.3330000000003 20.45814635300405 176.05355000000003 200.54507083333337 246.99400000000003 151.21920000000003
decision_type=2 2 2 2 2 2 2 2 2 2 2 2 2 2
left_child=1 4 3 5 -1 -3 11 -8 9 -9 -10 12 13 -2
right_child=6 2 -4 -5 -6 -7 7 8 10 -11 -12 -13 -14 -15
leaf_value=0.1502236741036177 -0.00030613825035307688 -0.40418998917867976 -0.73145834505558016 0.7812124212582906 1.1204347032308579 0.04793614052597002 1.0217244023084642 1.4771784251644497 -0.22918638435356758 -0.18253681070425296 0.28602618155601833 -0.70574425240249739 0.57165115118026744 -0.070078745935260242
leaf_weight=20 47852 43 26 21 20 2054 20 21 170 22 140 23 25 1938
leaf_count=20 47852 43 26 21 20 2054 20 21 170 22 140 23 25 1938
internal_value=6.75639e-11 0.0475647 0.036599 0.0460274 0.635329 0.0386651 -0.0020689 0.130084 0.0795663 0.628022 0.00349026 -0.00305796 -0.00273353 -0.00302193
internal_weight=52395 2184 2144 2118 40 2097 50211 373 353 43 310 49838 49815 49790
internal_count=52395 2184 2144 2118 40 2097 50211 373 353 43 310 49838 49815 49790
is_linear=0
shrinkage=0.1


Tree=85
num_leaves=31
num_cat=0
split_feature=0 2 17 6 25 27 0 18 16 24 24 0 13 14 18 0 2 18 28 25 2 0 0 4 28 20 12 11 4 24
split_gain=469.668 1085.22 1412.62 1734.77 2118.96 1976.9 1220.08 1052.54 1022.05 1995.46 2194.56 1732.14 3664.63 1491.21 1445.33 962.294 1329.9 1686.59 2741.89 2473.12 1079.32 2178.23 5305.95 1683.93 3518.3 1982.81 1537 898.649 1584.71 1481.73
threshold=17.500000000000004 10.500000000000002 882.18754444444448 109.93520000000002 21.165115155292593 130.48010000000002 21.500000000000004 720.94910000000016 1030.1039750000002 26.883272863729257 31.876659904408154 22.500000000000004 47.410000000000011 29.550000000000001 1034.4314000000002 14.500000000000002 8.5000000000000018 757.51840000000004 68.113600000000005 20.650945335133692 10.500000000000002 5.5000000000000009 8.5000000000000018 142.69363888888893 72.67540000000001 155.73496018518523 422.65222222222229 435.61000000000007 136.78270000000003 16.201852866661138
decision_type=2 2 2 2 2 2 2 2 2 2 2 2 2 2 2 2 2 2 2 2 2 2 2 2 2 2 2 2 2 2
left_child=15 8 6 4 -4 -5 -3 -8 9 14 -11 13 -13 -10 -2 20 27 19 -19 -18 23 26 -23 25 -25 -1 -22 29 -29 -17
right_child=1 2 3 5 -6 -7 7 -9 11 10 -12 12 -14 -15 -16 16 17 18 -20 -21 21 22 -24 24 -26 -27 -28 28 -30 -31
leaf_value=0.0001373424184386663 0.019758270850758437 -0.076251298169094969 -0.32047426344702645 0.38346572347082103 -1.3929911430392947 -0.17591050462453331 0.048682286123228814 0.45246968576588587 -0.38105720187658854 1.0272092866897584 -0.16713764142990115 0.62627407356363829 -0.22396919267624615 0.201815888453868 -0.16943227564141758 0.045715287914173112 -0.075810821314960947 -0.71840409028433994 -0.14535306478500584 0.30463535798289793 0.41751943391722607 -0.23165080664550058 0.10204253940662267 -0.77826179784965033 -0.069616127014909504 0.59055117453987671 0.10876726326067002 -0.025695423785868754 -0.578863113050191 0.65619902392713048
leaf_weight=27300 9885 478 150 77 21 352 193 97 46 40 25 61 300 958 421 1312 1781 93 817 189 185 720 1409 73 1740 57 1255 2266 53 41
leaf_count=27300 9885 478 150 77 21 352 193 97 46 40 25 61 300 958 421 1312 1781 93 817 189 185 720 1409 73 1740 57 1255 2266 53 41
internal_value=1.65903e-10 0.0163944 -0.0678951 -0.182863 -0.452187 -0.0755096 0.0219233 0.183742 0.0262195 0.0155134 0.567845 0.107563 -0.0802993 0.175111 0.0120298 -0.00546771 -0.0404504 -0.0913222 -0.203918 -0.0393112 0.00153331 0.0534417 -0.0108082 -0.00481777 -0.0981496 0.00136751 0.148433 -0.000550914 -0.0383379 0.0642148
internal_weight=52395 13104 1368 600 171 429 768 290 11736 10371 65 1365 361 1004 10306 39291 6552 2880 910 1970 32739 3569 2129 29170 1813 27357 1440 3672 2319 1353
internal_count=52395 13104 1368 600 171 429 768 290 11736 10371 65 1365 361 1004 10306 39291 6552 2880 910 1970 32739 3569 2129 29170 1813 27357 1440 3672 2319 1353
is_linear=0
shrinkage=0.1


Tree=86
num_leaves=19
num_cat=0
split_feature=5 4 16 21 5 8 26 29 10 15 17 28 13 29 11 18 17 22
split_gain=469.132 1919.31 3643.26 1789.62 1858.99 1688.32 1455.07 2204.04 1491.8 1314.25 2347.68 2023.65 1144.83 1651.5 1104.32 1103.12 1448.45 1049.33
threshold=105.92010000000002 105.60200000000002 1165.075 103.986825 72.272900000000007 60.713733333333344 66.934400000000011 176.98842857142861 666.25000000000011 48.071875000000013 1053.8962000000004 59.799000000000014 46.363333333333337 170.25683333333336 824.58000000000015 1128.6523000000004 1092.5919000000001 117.16530699404764
decision_type=2 2 2 2 2 2 2 2 2 2 2 2 2 2 2 2 2 2
left_child=3 2 12 15 -5 -3 7 -7 -8 10 -6 -11 13 -2 -14 16 17 -1
right_child=1 5 -4 4 9 6 8 -9 -10 11 -12 -13 14 -15 -16 -17 -18 -19
leaf_value=-0.00085099407553579679 -0.16953966711724261 0.75043676267067594 1.2276552188964118 0.86623955153185761 0.015880785303593412 -0.52172028759011524 0.01600419131822084 0.55640705286160763 -0.058027960765965753 0.94969207303864622 -0.55848998581121367 0.095149948630560088 -0.067586074982985953 -0.85583433122248265 0.57570561463082282 -0.70948736604980445 0.68206894364087811 -0.38049802835265251
leaf_weight=27030 670 30 21 29 1391 108 14461 23 3353 28 75 2694 2292 37 27 22 31 73
leaf_count=27030 670 30 21 29 1391 108 14461 23 3353 28 75 2694 2292 37 27 22 31 73
internal_value=2.2307e-10 -0.0115596 -0.0849491 0.00774572 0.0683542 0.000880864 -0.000372225 -0.332431 0.00206966 0.0628292 -0.0135038 0.10394 -0.0940584 -0.205456 -0.0600963 -0.00166605 -0.00109216 -0.00187355
internal_weight=52395 21022 3047 31373 4217 17975 17945 131 17814 4188 1466 2722 3026 707 2319 27156 27134 27103
internal_count=52395 21022 3047 31373 4217 17975 17945 131 17814 4188 1466 2722 3026 707 2319 27156 27134 27103
is_linear=0
shrinkage=0.1


Tree=87
num_leaves=24
num_cat=0
split_feature=17 6 21 4 19 28 9 22 28 0 1 15 10 9 22 16 24 8 18 6 21 6 16
split_gain=447.992 2609.16 2162.81 1979.86 1736.15 2711.62 2398.24 2248.81 1430.41 1389.9 1383.87 1342.36 1181.65 1816.65 1565.93 1044.81 2129.1 1815.54 1032.85 1145.59 1104.34 918.288 781.755
threshold=772.56383333333349 95.840485714285734 116.76770925925926 64.015800000000013 88.806103703703968 82.688300000000012 145.34310000000002 119.23968554894181 76.922833333333344 20.500000000000004 1.0000000180025095e-35 40.365714285714297 431.8633333333334 44.826510684931513 82.058984722222249 759.88177500000018 9.9669092732575866 129.73400000000007 785.76990000000012 103.06290000000001 101.88426560846563 89.845600000000005 1030.1039750000002
decision_type=2 2 2 2 2 2 2 2 2 2 2 2 2 2 2 2 2 2 2 2 2 2 2
left_child=2 4 15 -3 7 6 -6 9 -4 -2 -7 -10 14 -14 -5 18 21 -18 20 -20 -1 -17 -13
right_child=1 3 8 12 5 10 -8 -9 11 -11 -12 22 13 -15 -16 16 17 -19 19 -21 -22 -23 -24
leaf_value=-0.0031366339615906849 0.053462967984002047 0.94599727947603585 0.92669091412554627 -0.44574419221152434 -0.29990978644895572 -0.51099364871070507 -1.3400847649768644 1.018035746162588 0.73867487290075851 -0.54291298058297899 0.10620721774245007 0.13189527102471016 0.75458074338508385 0.011775858590952709 -0.03057351478801747 0.33393774394323861 -0.026148360662875604 0.37384939121067035 -0.12754663358708004 0.11991855159752707 0.1083104559834543 0.11894200984703847 -0.22134827537767926
leaf_weight=22928 297 22 23 92 611 42 23 22 35 45 269 965 33 14421 7261 276 1824 121 1161 223 925 709 67
leaf_count=22928 297 22 23 92 611 42 23 22 35 45 269 965 33 14421 7261 276 1824 121 1161 223 925 709 67
internal_value=-1.13733e-10 -0.0103978 0.00822315 -0.00217463 -0.147528 -0.219004 -0.337645 0.0380335 0.146437 -0.0250076 0.0228553 0.129618 -0.00313119 0.0134718 -0.0357681 0.00287459 0.0593986 -0.00126418 -0.00368781 -0.0876733 0.00118519 0.179184 0.108962
internal_weight=52395 23138 29257 21829 1309 945 634 364 1090 342 311 1067 21807 14454 7353 28167 2930 1945 25237 1384 23853 985 1032
internal_count=52395 23138 29257 21829 1309 945 634 364 1090 342 311 1067 21807 14454 7353 28167 2930 1945 25237 1384 23853 985 1032
is_linear=0
shrinkage=0.1


Tree=88
num_leaves=20
num_cat=0
split_feature=0 0 23 5 28 9 4 25 8 17 13 13 0 6 10 2 17 25 15
split_gain=438.371 1389.42 1719.99 1410.55 2970.33 1255.33 1144.13 1382.27 977.506 927.951 856.311 3428.21 1754.57 1718.01 1691.93 1694.93 705.116 660.93 615.217
threshold=16.500000000000004 14.500000000000002 27.501519857020138 95.840485714285734 76.591300000000018 193.75820000000002 193.75820000000002 38.008231571329013 170.94650000000004 1518.4597428571431 49.135474006116219 47.990000000000002 8.5000000000000018 210.27833333333336 410.74777777777786 9.5000000000000018 865.53139999999996 26.330758178381696 58.305555555555557
decision_type=2 2 2 2 2 2 2 2 2 2 2 2 2 2 2 2 2 2 2
left_child=1 10 3 16 -5 6 7 9 -8 -2 11 13 -13 -1 -12 -16 -3 -4 -7
right_child=5 2 17 4 -6 18 8 -9 -10 -11 14 12 -14 -15 15 -17 -18 -19 -20
leaf_value=-0.0095084701301749192 0.016566591208154305 -0.0054926529148662043 -1.0953193607784453 -0.44910599588642725 -0.068712023522464499 -0.12778826558164189 0.90092121859391538 -0.74404458316663913 -0.021462576165795329 -0.54014688859383264 0.74887433511140789 0.048347383936342997 0.19028227170584378 0.89577564047206026 0.0017612138027051838 -0.072897219287813592 -0.42833579644560821 -0.29208005905151369 -0.87641775141591616
leaf_weight=11950 15143 2801 21 246 1240 21 27 24 20 30 29 2294 1404 21 13079 3962 40 20 23
leaf_count=11950 15143 2801 21 246 1240 21 27 24 20 30 29 2294 1404 21 13079 3962 40 20 23
internal_value=-8.03638e-11 -0.00587115 -0.0588472 -0.0527389 -0.131684 0.0142504 0.01579 0.0142664 0.508417 0.0154659 0.00119685 0.0180771 0.102235 -0.00792039 -0.014298 -0.0155967 -0.0114461 -0.703495 -0.519117
internal_weight=52395 37107 4368 4327 1486 15288 15244 15197 47 15173 32739 15669 3698 11971 17070 17041 2841 41 44
internal_count=52395 37107 4368 4327 1486 15288 15244 15197 47 15173 32739 15669 3698 11971 17070 17041 2841 41 44
is_linear=0
shrinkage=0.1


Tree=89
num_leaves=22
num_cat=0
split_feature=5 19 17 20 23 20 16 10 24 15 4 6 6 25 16 6 8 6 18 8 14
split_gain=479.49 1896.63 1744.31 1522.19 2018.7 1617.3 1481.76 2353.26 2023.53 3063.87 1480.86 1866.72 1308.06 1268.67 1095.22 1542.58 1521.35 1363.29 1382.49 1078.6 946.554
threshold=126.14960000000002 120.11690000000017 1043.9756000000004 119.64229444444446 24.637767406280378 126.72139781746034 1232.9259444444447 424.62250000000006 12.966576024154092 50.282857142857146 104.37010000000002 142.69363888888893 102.73850000000002 17.626053347630776 860.02340000000015 158.30816666666669 52.081300000000006 151.21920000000003 749.32206666666673 122.58414444444445 73.610000000000028
decision_type=2 2 2 2 2 2 2 2 2 2 2 2 2 2 2 2 2 2 2 2 2
left_child=6 2 3 4 -2 -5 14 -8 -9 -10 11 13 19 -3 17 16 -16 18 -1 -12 -14
right_child=1 10 -4 5 -6 -7 7 8 9 -11 12 -13 20 -15 15 -17 -18 -19 -20 -21 -22
leaf_value=0.0065357744030220882 -0.30045480114435602 0.47963730615954248 -0.86507826250147168 0.35577812929948172 0.70751033056349988 -0.63837961524724962 1.0224106191737312 1.0321233045487177 -0.38401518847750521 0.58622927046739137 -0.86083810871297661 1.0768806898168155 -0.017191864681466447 -0.51329454386776152 0.69726668102400646 -0.6673632627533328 0.036517022457279023 0.68093042229783951 -0.040032403555681745 0.043107399547641929 0.13439941864236502
leaf_weight=25738 369 31 37 90 21 20 35 21 87 52 33 28 8855 22 35 31 7933 29 8474 22 432
leaf_count=25738 369 31 37 90 21 20 35 21 87 52 33 28 8855 22 35 31 7933 29 8474 22 432
internal_value=-6.18456e-11 -0.0197459 -0.202543 -0.153515 -0.24618 0.175022 0.0046346 0.279659 0.117182 -0.021046 -0.00932864 0.416407 -0.01302 0.0674769 0.00336496 0.0366803 0.0394194 -0.0044178 -0.00499874 -0.49926 -0.0101403
internal_weight=52395 9960 537 500 390 110 42435 195 160 139 9423 81 9342 53 42240 7999 7968 34241 34212 55 9287
internal_count=52395 9960 537 500 390 110 42435 195 160 139 9423 81 9342 53 42240 7999 7968 34241 34212 55 9287
is_linear=0
shrinkage=0.1


Tree=90
num_leaves=20
num_cat=0
split_feature=28 5 16 8 20 18 24 16 17 6 22 13 26 24 24 19 23 23 23
split_gain=445.37 891.636 1465.75 1713.49 1852.24 1176.6 1222.01 1117.75 1682.02 2111.91 2011.95 1602.26 2260.28 1645.36 866.527 587.254 1114.53 264.171 153.666
threshold=5.5587703751617079 102.45290000000001 700.0544000000001 44.826510684931513 62.643066666666662 780.33420000000012 12.620171893589765 948.46872500000006 918.88310000000013 95.182600000000022 123.0911744378307 47.64222222222223 119.39070000000001 10.352733164105214 29.901292071520967 61.819000000000159 13.225387234830221 8.6571880759762667 6.7783569645960826
decision_type=2 2 2 2 2 2 2 2 2 2 2 2 2 2 2 2 2 2 2
left_child=15 2 5 -4 -5 14 -7 11 10 -10 -9 12 -3 -13 -2 16 17 18 -1
right_child=1 7 3 4 -6 6 -8 8 9 -11 -12 13 -14 -15 -16 -17 -18 -19 -20
leaf_value=-0.023127532757711469 0.0091924804942025134 -0.1050412125100311 0.76414426014046466 -0.80669936120510111 0.055601758852347298 -0.23298777746252416 -0.01275127741775773 0.022157809637769713 -0.80301424034617175 -0.0014928778606243332 0.2367683452097249 0.044981699058390473 0.35598518787459899 -0.041499638060465513 -0.63366364467711689 -0.56377752169966699 0.64539307999610906 -0.34161848112081111 0.23032100833952429
leaf_weight=7363 13713 3199 34 25 6944 423 623 1212 33 8567 683 3541 110 5809 21 20 25 26 24
leaf_count=7363 13713 3199 34 25 6944 423 623 1212 33 8567 683 3541 110 5809 21 20 25 26 24
internal_value=9.24337e-11 0.00375599 0.0182786 0.0559634 0.0525084 0.000422982 -0.101814 -0.00990674 0.0142238 -0.00456848 0.0995082 -0.0299123 -0.0897155 -0.00874772 0.00820952 -0.0226312 -0.0211761 -0.023424 -0.0223041
internal_weight=52395 44937 21783 7003 6969 14780 1046 23154 10495 8600 1895 12659 3309 9350 13734 7458 7438 7413 7387
internal_count=52395 44937 21783 7003 6969 14780 1046 23154 10495 8600 1895 12659 3309 9350 13734 7458 7438 7413 7387
is_linear=0
shrinkage=0.1


Tree=91
num_leaves=25
num_cat=0
split_feature=5 6 7 1 11 18 10 11 28 17 11 9 19 16 21 10 16 21 10 27 20 2 8 21
split_gain=454.288 1614.52 1397.89 2042.41 1897.1 1828.07 1228.67 2656.17 1496.05 2258.6 1263.78 1161.64 1025.83 1460.34 2238.28 2366.24 1239.49 1058.09 2644.8 1190.56 968.351 958.844 1331.15 742.562
threshold=151.21920000000003 143.50465714285716 156.31100000000004 5.5000000000000009 430.53666666666675 1188.2941333333335 880.04000000000008 845.31174311926611 121.2 1138.5712777777781 572.8900000000001 131.66229166666668 150.08414047619061 1112.5634666666667 142.56943961640215 455.28444444444455 1456.001047619048 166.68793958333336 434.8633333333334 215.6746666666667 150.17473875661378 7.5000000000000009 154.48510000000002 156.53370704365082
decision_type=2 2 2 2 2 2 2 2 2 2 2 2 2 2 2 2 2 2 2 2 2 2 2 2
left_child=12 2 3 5 -5 -2 7 10 9 -8 -3 -4 17 21 15 -15 -16 19 -19 20 -1 -14 -23 -13
right_child=1 6 11 4 -6 -7 8 -9 -10 -11 -12 23 13 14 16 -17 -18 18 -20 -21 -22 22 -24 -25
leaf_value=-2.6103931185721376e-05 -0.24899781550793501 0.028379202799781528 -0.21568720199559865 1.0107365170663054 -0.097028824572379768 -0.82950298199430117 -0.1992685996673324 -1.1612949323654174 -0.29069441318511963 1.0514909991196224 -0.2283405119296881 0.91518658896287297 0.34894382639816318 1.0911799105113011 0.20473181664742329 -0.03141423527683531 -0.55654653203487392 0.30938244611024857 -1.1333772036764358 0.64183470760953842 0.20929708144384193 -0.501607411214407 0.36301234041651093 0.10093747200000854
leaf_weight=49212 356 1593 38 22 52 64 22 20 25 42 218 24 33 57 148 28 25 24 27 29 222 69 24 21
leaf_count=49212 356 1593 38 22 52 64 22 20 25 42 218 24 33 57 148 28 25 24 27 29 222 69 24 21
internal_value=-1.13712e-10 -0.0416249 -0.188306 -0.252107 0.232307 -0.337456 0.00245588 -0.0151808 0.365296 0.621542 -0.00252356 0.191422 0.002083 0.164898 0.301179 0.721384 0.0947205 0.000820304 -0.454431 0.0012897 0.000913932 -0.114155 -0.27848 0.535204
internal_weight=52395 2497 577 494 74 420 1920 1831 89 64 1811 83 49898 384 258 85 173 49514 51 49463 49434 126 93 45
internal_count=52395 2497 577 494 74 420 1920 1831 89 64 1811 83 49898 384 258 85 173 49514 51 49463 49434 126 93 45
is_linear=0
shrinkage=0.1


Tree=92
num_leaves=21
num_cat=0
split_feature=5 8 6 7 22 19 6 20 7 26 5 13 20 27 9 18 0 11 4 0
split_gain=426.164 1579.27 1350.77 2387.32 1843.12 1348.7 2665.71 2222.57 2095.39 2305.28 1320.58 1711.2 1282.75 1440.62 1248.84 1394.48 1277.51 992.89 984.337 928.331
threshold=115.21870000000001 60.713733333333344 119.10660000000003 76.854200000000006 133.89605596891539 106.54764814814831 88.476300000000009 100.9189888888889 77.324100000000001 68.40300000000002 92.563000000000002 62.34142857142858 115.25224675925928 162.0454285714286 128.36362222222223 832.07641111111127 3.5000000000000004 434.8633333333334 134.90111428571433 11.500000000000002
decision_type=2 2 2 2 2 2 2 2 2 2 2 2 2 2 2 2 2 2 2 2
left_child=2 -2 4 -4 12 6 19 -8 17 -10 -6 -12 18 -14 16 -16 -5 -7 -1 -3
right_child=1 5 3 14 10 8 7 -9 9 -11 11 -13 13 -15 15 -17 -18 -19 -20 -21
leaf_value=0.0034082571735627731 0.72340726441350478 -0.44161929975856434 -0.97825793850989573 -0.068231039811890437 0.93983839926896273 0.27076769034067788 0.35252336103101856 -0.37467796777203244 -0.45598630836376786 -0.010394330577841403 0.29112309956842147 -0.68283720850944529 -0.14415799827131073 0.36554565146818002 0.26599498473107819 -0.11905484477079463 0.17781495477167786 1.1803875961899759 -0.32593054214676664 -1.3242396359260267
leaf_weight=33353 29 22 21 251 27 30 71 103 117 15169 184 20 922 59 120 435 1325 20 91 26
leaf_count=33353 29 22 21 251 27 30 71 103 117 15169 184 20 922 59 120 435 1325 20 91 26
internal_value=-5.51337e-12 -0.013859 0.00586886 0.0827444 0.00109519 -0.0152333 -0.259948 -0.0779464 -0.0116909 -0.0138049 0.282621 0.195637 -0.000793916 -0.113503 0.0932001 -0.0358008 0.138629 0.634616 0.00251214 -0.919705
internal_weight=52395 15587 36808 2152 34656 15558 222 174 15336 15286 231 204 34425 981 2131 555 1576 50 33444 48
internal_count=52395 15587 36808 2152 34656 15558 222 174 15336 15286 231 204 34425 981 2131 555 1576 50 33444 48
is_linear=0
shrinkage=0.1


Tree=93
num_leaves=24
num_cat=0
split_feature=0 18 23 19 16 4 17 12 7 0 18 16 23 15 24 24 14 17 8 12 14 18 14
split_gain=417.176 1220.81 1180.19 1581.36 1806.16 1016.24 1105.28 980.799 828.474 632.764 1582.61 1913.54 1492.72 1521.23 1323.67 1252.03 807.541 2225.85 2141.97 1624.37 1451.1 1881.55 1021.54
threshold=1.0000000180025095e-35 1407.9813555555559 15.411057961476546 96.930433333333397 1063.7399000000003 151.21920000000003 1201.5775250000004 436.8366666666667 104.6632 3.5000000000000004 1407.9813555555559 1165.075 8.1457997670274533 31.686666666666671 15.313252620282432 18.62037299484361 48.421111111111124 1069.0960000000002 105.60200000000002 962.93904382470134 50.790000000000006 1188.2941333333335 55.230952380952395
decision_type=2 2 2 2 2 2 2 2 2 2 2 2 2 2 2 2 2 2 2 2 2 2 2
left_child=1 2 5 -4 -5 8 -7 -3 -1 10 12 -12 15 -14 -13 -2 17 18 -11 -19 21 -18 -22
right_child=9 7 3 4 -6 6 -8 -9 -10 16 11 14 13 -15 -16 -17 20 19 -20 -21 22 -23 -24
leaf_value=-0.02727848551876054 0.0032140103592453659 -0.99976168517023334 1.0254999895890555 -0.058657884999788072 0.50025197451162817 -0.57282479828054256 0.24049751423299315 -0.0094085109233856198 0.10829456273416899 -0.025162213168396244 -0.54468068420886995 -0.010733119150002798 0.23776133917804276 -0.099167308948906407 0.79841217023711053 0.48452487837184566 0.072385689874161052 -0.11239543040863974 0.054252090626566635 -0.83219906389713294 -0.033084360440517553 -0.12973521867108917 0.016393834681626706
leaf_weight=899 3116 20 24 139 99 55 24 20 904 12059 20 30 140 3129 62 55 5707 1547 4728 32 6163 501 12922
leaf_count=899 3116 20 24 139 99 55 24 20 904 12059 20 30 140 3129 62 55 5707 1547 4728 32 6163 501 12922
internal_value=1.63043e-10 0.0427846 0.0529967 0.251845 0.17383 0.0253143 -0.32574 -0.504585 0.040696 -0.00186098 -0.0308392 0.341839 -0.0373205 -0.0847378 0.53456 0.0115622 0.00248784 -0.0134724 -0.00279545 -0.126983 0.014077 0.0560741 0.00041615
internal_weight=52395 2184 2144 262 238 1882 79 40 1803 50211 6552 112 6440 3269 92 3171 43659 18366 16787 1579 25293 6208 19085
internal_count=52395 2184 2144 262 238 1882 79 40 1803 50211 6552 112 6440 3269 92 3171 43659 18366 16787 1579 25293 6208 19085
is_linear=0
shrinkage=0.1


Tree=94
num_leaves=27
num_cat=0
split_feature=24 9 24 19 16 16 19 6 12 8 23 21 15 9 29 16 24 28 21 17 27 24 9 15 7 1
split_gain=415.988 2097.06 2757.3 1828.09 4228.73 1911.14 1788.12 2135.61 2216.48 1926.77 1056.56 1052.1 980.583 1431.13 2506.84 1370.4 781.938 1085.15 956.885 895.957 795.86 1871.99 746.808 739.796 683.929 368.288
threshold=14.617396280020282 134.90628888888895 14.790234247850186 89.72730000000017 700.0544000000001 1456.001047619048 204.24902222222246 193.75820000000002 442.88285714285718 166.83672222222228 13.136409676107947 156.53370704365082 53.821111111111122 139.68120000000002 202.87560000000005 1518.4597428571431 14.46292663749947 85.736000000000004 116.46643935185186 754.80120000000011 174.37880000000004 13.182873124294353 118.3318 77.028657534246591 170.94650000000004 2.5000000000000004
decision_type=2 2 2 2 2 2 2 2 2 2 2 2 2 2 2 2 2 2 2 2 2 2 2 2 2 2
left_child=11 6 10 4 -4 -5 7 9 -9 -2 -3 16 13 14 -13 -15 20 19 -19 -18 22 -22 -1 24 -14 -12
right_child=1 2 3 5 -6 -7 -8 8 -10 -11 25 12 23 15 -16 -17 17 18 -20 -21 21 -23 -24 -25 -26 -27
leaf_value=0.0045989410043268788 -0.0025016558868828161 1.114965675093911 0.024927866444425677 0.031280119271448373 1.1045980389629093 0.37880435781443822 -0.79379149911732516 0.15031831377539143 1.2614631593227388 -0.27901220293857787 0.65495570500691735 -0.40100989473553805 0.38726308552118449 -0.92487058022192548 0.87239452112804772 -0.14683120903608046 -0.094040518374861895 0.37801524228325079 -0.12339968880017599 -0.57260287378925878 0.68529513271955356 -0.23808407375687049 -0.028197197940455561 -0.42607291294261818 -0.097659883444959475 0.062713886602293878
leaf_weight=33176 6605 33 103 2288 56 170 29 58 26 262 21 52 52 56 22 38 74 51 150 83 52 38 8781 32 66 21
leaf_count=33176 6605 33 103 2288 56 170 29 58 26 262 21 52 52 56 22 38 74 51 150 83 52 38 8781 32 66 21
internal_value=-1.57708e-10 0.018727 0.0937057 0.0765727 0.405189 0.0553156 -0.0101903 -0.00692104 0.494244 -0.0130515 0.691532 -0.00423958 -0.185454 -0.351382 -0.0224302 -0.610344 -0.00288063 -0.150045 0.003825 -0.347038 -0.00162763 0.295424 -0.00226482 0.0003853 0.116035 0.358835
internal_weight=52395 9672 2692 2617 159 2458 6980 6951 84 6867 75 42723 318 168 74 94 42405 358 201 157 42047 90 41957 150 118 42
internal_count=52395 9672 2692 2617 159 2458 6980 6951 84 6867 75 42723 318 168 74 94 42405 358 201 157 42047 90 41957 150 118 42
is_linear=0
shrinkage=0.1


Tree=95
num_leaves=23
num_cat=0
split_feature=10 24 24 26 9 20 5 16 10 11 23 8 13 18 21 5 23 21 28 4 26 21
split_gain=408.601 2110.83 2075.8 2412.4 1432.03 1417.95 1238.53 1901.11 1489.2 1072 2293.83 1960.94 2160.12 862.513 1388.26 2013.42 1838.26 1005.43 1830.71 1595.4 770.081 894.08
threshold=671.24111111111119 31.876659904408154 22.856572990345011 76.743600000000015 146.26484444444449 114.38311111111112 108.60430000000001 807.74750000000006 721.29000000000008 621.0100000000001 9.8710388767220749 166.83672222222228 37.070833333333347 687.23810000000014 94.38350370370371 71.597200000000001 33.568982709405596 85.687373148148154 61.132300000000008 104.0168 126.117 125.49355833333335
decision_type=2 2 2 2 2 2 2 2 2 2 2 2 2 2 2 2 2 2 2 2 2 2
left_child=9 2 6 5 -5 -4 7 -2 -8 13 20 12 -12 17 16 -16 -15 19 -19 -1 21 -11
right_child=1 -3 3 4 -6 -7 8 -9 -10 10 11 -13 -14 14 15 -17 -18 18 -20 -21 -22 -23
leaf_value=0.0071199456242141542 -0.011023785442888952 -0.77915303177303741 1.5415449059822344 0.28669859393370117 -0.62554587667638606 0.43008960659305262 -0.11277849067043716 0.158586538482136 0.034262896237275291 -0.040302949476576005 0.85515024570318376 -0.61948742999562201 0.18871752383618401 -0.08860637184066826 0.57705102980757761 -0.0030633239559772624 0.80954873095388002 0.38181671664249484 0.048116869711505313 -0.37122743741600917 -0.46619930338095622 0.2221651447446723
leaf_weight=8135 10124 36 22 79 22 24 2352 707 974 888 52 28 752 2471 60 20912 23 171 4261 113 37 152
leaf_count=8135 10124 36 22 79 22 24 2352 707 974 888 52 28 752 2471 60 20912 23 171 4261 113 37 152
internal_value=-9.79128e-11 -0.0143859 -0.0124611 0.361383 0.0879919 0.961655 -0.0163429 4.76298e-05 -0.0697183 0.00542092 0.0784539 0.20317 0.23182 0.00156379 -0.00979135 -0.00140364 -0.0803235 0.022578 0.060992 0.00193648 -0.0178916 -0.00194223
internal_weight=52395 14340 14304 147 101 46 14157 10831 3326 38055 1909 832 804 36146 23466 20972 2494 12680 4432 8248 1077 1040
internal_count=52395 14340 14304 147 101 46 14157 10831 3326 38055 1909 832 804 36146 23466 20972 2494 12680 4432 8248 1077 1040
is_linear=0
shrinkage=0.1


Tree=96
num_leaves=15
num_cat=0
split_feature=16 8 17 13 13 5 11 13 25 6 17 28 18 8
split_gain=371.904 938.9 1619.6 1273.65 974.499 849.634 2320.26 2380.58 1153.21 1013.46 1263.62 883.839 866.948 719.935
threshold=1612.2600000000002 127.45394444444446 1518.4597428571431 48.610000000000007 50.122500000000009 193.75820000000002 585.63285714285723 48.540633187772933 24.655452869233596 210.27833333333336 1612.2600000000002 146.18322222222227 1518.4597428571431 156.31100000000004
decision_type=2 2 2 2 2 2 2 2 2 2 2 2 2 2
left_child=5 -2 -3 -4 -5 9 7 13 -9 10 11 -1 -12 -7
right_child=1 2 3 4 -6 6 -8 8 -10 -11 12 -13 -14 -15
leaf_value=0.00082813264801788835 0.65256376206874855 -0.64847425094672617 0.78771939873695374 -0.58052453001340232 0.17846082627088175 -0.27140895009040833 -1.1640934656966817 0.35716840179637077 -0.14475596462176227 0.52355849026022738 -0.10617352383477348 -0.44755005971951922 -1.0261224243044855 -1.0629962320680972
leaf_weight=51823 30 28 28 21 87 20 22 80 107 37 21 44 20 27
leaf_count=51823 30 28 28 21 87 20 22 80 107 37 21 44 20 27
internal_value=-1.63847e-10 0.1382 0.0441094 0.1867 0.0308803 -0.000513608 -0.182244 -0.0899337 0.069971 0.000382013 9.09346e-06 0.000447763 -0.554929 -0.726151
internal_weight=52395 194 164 136 108 52201 256 234 187 51945 51908 51867 41 47
internal_count=52395 194 164 136 108 52201 256 234 187 51945 51908 51867 41 47
is_linear=0
shrinkage=0.1


Tree=97
num_leaves=30
num_cat=0
split_feature=7 6 12 15 23 6 2 20 15 18 27 15 25 12 13 4 10 14 18 17 22 23 24 9 12 25 17 29 15
split_gain=374.505 1724.08 2093.02 2157.04 2059.18 1538.72 2349.05 3193.38 1505.07 1430.05 1426.71 1732.71 1381.72 1673.26 2685.24 2794.59 1591.81 1576 2027.73 1870.05 1281.93 1241.99 1830.41 1544.79 1293.4 1384.08 904.011 927.399 861.775
threshold=133.26260000000002 160.69125000000003 450.5266666666667 48.010000000000012 22.13118289742717 152.87855555555561 9.5000000000000018 137.19951666666671 53.442222222222227 1016.7073000000001 179.5446285714286 47.990000000000002 20.423699598117022 437.01000000000005 49.69444444444445 170.94650000000004 778.20666666666682 57.670833333333334 1271.1114750000002 935.43130000000008 150.51647671957673 18.552809584787898 22.33261320786082 158.28911111111114 419.97000000000008 18.408513359722036 1165.075 184.86715555555557 47.34142857142858
decision_type=2 2 2 2 2 2 2 2 2 2 2 2 2 2 2 2 2 2 2 2 2 2 2 2 2 2 2 2 2
left_child=1 5 3 4 -3 10 8 -8 -7 -5 20 -12 21 17 15 -15 -16 19 -19 -14 -1 22 23 -2 28 -26 -4 -28 -23
right_child=12 2 26 9 -6 6 7 -9 -10 -11 11 -13 13 14 16 -17 -18 18 -20 -21 -22 24 -24 -25 25 -27 27 -29 -30
leaf_value=-0.0026406966092564332 0.025571530472536616 0.083249846066940913 -0.18135757568207655 -0.13392120363081203 -0.99651071060644958 -0.30566785261034968 -0.081902737031842393 1.0223032702928159 0.39810050959337734 0.6350266333507455 0.18759410857455805 -0.42644022004735982 0.27625804259091297 0.55162471881374775 -0.042666280759589927 -0.012725346677360081 0.56787437961126375 -0.022957147814333442 1.3099647533325922 -0.072351109311946257 0.43510337911212621 0.76041674892539568 0.88070818183477972 -0.15985676525105344 -0.10456739947010402 -0.50619451186873698 -1.2907977465660343 -0.41737891674041755 -0.036971856337605101
leaf_weight=44575 4072 33 22 51 38 80 43 67 49 46 64 163 186 289 387 126 48 25 21 891 67 23 24 505 295 121 31 20 33
leaf_count=44575 4072 33 22 51 38 80 43 67 49 46 64 163 186 289 387 126 48 25 21 891 67 23 24 505 295 121 31 20 33
internal_value=4.35306e-11 -0.00333251 -0.270088 -0.0758269 -0.49465 -0.00190731 0.251155 0.590659 -0.038345 0.230734 -0.00325527 -0.25332 0.0214485 0.0924565 0.198309 0.38028 0.0247037 0.012337 0.585551 -0.0121456 -0.00198372 -0.00616811 0.00967977 0.00511243 -0.160651 -0.221387 -0.717153 -0.948281 0.290527
internal_weight=52395 45349 241 168 71 45108 239 110 129 97 44869 227 7046 1973 850 415 435 1123 46 1077 44642 5073 4601 4577 472 416 73 51 56
internal_count=52395 45349 241 168 71 45108 239 110 129 97 44869 227 7046 1973 850 415 435 1123 46 1077 44642 5073 4601 4577 472 416 73 51 56
is_linear=0
shrinkage=0.1


Tree=98
num_leaves=28
num_cat=0
split_feature=10 8 6 23 5 6 28 16 23 9 14 16 22 12 25 9 13 25 4 26 18 8 1 28 0 22 5
split_gain=375.679 1016.82 2893.09 1926.37 1710.19 1734.07 1288.77 1048.13 1021.52 2962.01 1045.52 1020.87 528.026 504.7 796.505 953.322 2477.35 882.045 1125.67 878.126 829.183 421.877 2203.91 2373.45 1881.36 908.405 837.386
threshold=413.53000000000003 109.26943333333334 126.14960000000002 11.726790379331401 89.845600000000005 106.95950000000001 83.289766666666679 697.44680000000005 20.013327990778532 95.511500000000012 19.426326530612247 687.23810000000014 108.54017800925926 415.92666666666668 9.6756642000048707 142.70302222222224 45.105555555555569 9.055010785749678 92.563000000000002 63.380100000000006 932.1930000000001 152.86848888888892 4.5000000000000009 90.854900000000015 9.5000000000000018 168.37608043981484 210.27833333333336
decision_type=2 2 2 2 2 2 2 2 2 2 2 2 2 2 2 2 2 2 2 2 2 2 2 2 2 2 2
left_child=1 2 8 -4 11 7 -7 -6 10 -10 -1 -3 -5 14 17 19 -17 20 -19 -16 -2 25 23 -23 -24 26 -15
right_child=13 4 3 12 5 6 -8 -9 9 -11 -12 -13 -14 21 15 16 -18 18 -20 -21 -22 22 24 -25 -26 -27 -28
leaf_value=-0.61937403960360427 0.036839281075823481 0.17495005230108898 0.084287640026637495 -0.73514248132705695 0.29417897020948341 0.60838552532451495 0.10729357386356204 -0.38226924363626252 1.2388289855122567 -0.24649599985829715 0.012027991431840662 0.95993286202082762 -1.4617964076995851 -0.0016963696061883802 -0.30543147155949191 1.1180201789607174 -0.047581262769050559 -0.040646635470065202 0.6436242112573588 -0.07731048308179149 -0.5522485033823894 0.49278612631879404 -0.30982934258662781 0.070978716365829281 0.028809756729542665 0.55782396382298971 -0.53922247557804504
leaf_weight=27 295 30 21 20 29 56 615 109 25 29 914 37 20 46422 198 23 88 44 53 1142 26 149 268 1274 423 29 29
leaf_count=27 295 30 21 20 29 56 615 109 25 29 914 37 20 46422 198 23 88 44 53 1142 26 149 268 1274 423 29 29
internal_value=1.49906e-10 0.0432759 -0.0227992 -0.691291 0.122928 0.0827181 0.149113 -0.240117 0.0181837 0.441154 -0.00608875 0.608448 -1.09847 -0.00165684 -0.0526506 -0.087689 0.19394 0.0689779 0.333233 -0.111018 -0.010875 0.000304458 0.0439945 0.115145 -0.102529 -0.00168265 -0.00203195
internal_weight=52395 1932 1056 61 876 809 671 138 995 54 941 67 40 50463 1869 1451 111 418 97 1340 321 48594 2114 1423 691 46480 46451
internal_count=52395 1932 1056 61 876 809 671 138 995 54 941 67 40 50463 1869 1451 111 418 97 1340 321 48594 2114 1423 691 46480 46451
is_linear=0
shrinkage=0.1


Tree=99
num_leaves=27
num_cat=0
split_feature=5 26 16 1 4 10 6 14 20 9 16 15 29 23 18 28 10 5 10 14 23 23 9 12 22 1
split_gain=371.419 1807.95 1328.19 2676.85 2037.27 1476.39 1223.52 1361.42 1975.52 1983.62 1799.32 1712.61 1360.68 1181.22 1179.55 1052.43 2159.51 2915.02 2731.45 1089.24 1723.22 1389.99 825.902 749.576 716.017 613.74
threshold=128.78370000000004 124.01620000000001 1188.2941333333335 5.5000000000000009 134.34830000000002 449.67000000000007 120.65866666666668 55.680000000000007 133.62760324074077 131.66229166666668 915.37987142857151 54.667500000000004 165.93472222222223 18.552809584787898 1456.001047619048 85.402600000000021 442.88285714285718 156.31100000000004 432.7000000000001 73.610000000000028 18.552809584787898 29.755550022879799 119.47310000000002 434.2000000000001 145.7290595899471 5.5000000000000009
decision_type=2 2 2 2 2 2 2 2 2 2 2 2 2 2 2 2 2 2 2 2 2 2 2 2 2 2
left_child=1 2 14 5 -5 -4 7 8 12 -10 11 -9 -2 -12 25 16 18 -18 -8 21 -21 -17 -3 -24 -25 -1
right_child=6 22 3 4 -6 -7 15 10 9 -11 13 -13 -14 -15 -16 19 17 -19 -20 20 -22 -23 23 24 -26 -27
leaf_value=0.0065800003651721077 -0.17456942600097441 -0.031618462889282793 0.24249237803742291 1.6606697174906733 0.34874556976659549 -0.24294316948101088 0.015712833340277246 -0.9859084639549256 -1.0157996747069633 -0.085598173773870245 0.36338667948902759 -0.02169809143458094 0.17098155593430556 -0.31973386690020567 -0.62553857048352568 -0.022865878329413988 0.0318417948161933 -0.66165403875748863 0.42039895317587916 0.10008096194320673 1.0378423412640891 -0.45601590156555177 0.15462992994681649 1.2658866744149817 0.47607495933771138 -0.027572656443671201
leaf_weight=37006 731 27 192 20 29 93 371 25 52 41 162 70 135 30 30 6077 335 74 303 293 21 75 23 22 24 6134
leaf_count=37006 731 27 192 20 29 93 371 25 52 41 162 70 135 30 30 6077 335 74 303 293 21 75 23 22 24 6134
internal_value=3.22425e-10 0.00378148 0.0028249 0.201473 0.884225 0.0840871 -0.0187462 -0.110553 -0.167736 -0.605711 0.0805228 -0.275438 -0.120702 0.256649 0.00128799 -0.00359303 0.0876408 -0.0936318 0.197641 -0.0188739 0.162797 -0.0281465 0.437272 0.620751 0.853811 0.00172389
internal_weight=52395 43600 43504 334 49 285 8795 1246 959 93 287 95 866 192 43170 7549 1083 409 674 6466 314 6152 96 69 46 43140
internal_count=52395 43600 43504 334 49 285 8795 1246 959 93 287 95 866 192 43170 7549 1083 409 674 6466 314 6152 96 69 46 43140
is_linear=0
shrinkage=0.1


end of trees

feature_importances:
PM2.5_lag_1=284
PM10_lag_1=255
PM2.5_lag_2=122
PM2.5_rolling_min_12=110
PM2.5_rolling_mean_6=109
PM2.5_rolling_std_6=109
PM2.5_lag_3=107
PM2.5_rolling_mean_3=99
hour=93
PM10_lag_3=88
PM10_lag_6=81
CO2_lag_1=78
PM2.5_lag_12=74
PM2.5_rolling_std_12=74
month=67
PM2.5_rolling_mean_12=67
PM2.5_rolling_mean_24=67
TVOC_lag_6=59
PM2.5_rolling_std_24=58
PM2.5_lag_24=54
PM2.5_rolling_min_24=53
PM2.5_lag_6=50
CO2_lag_6=50
TVOC_lag_1=50
PM2.5_rolling_max_12=49
TVOC_lag_3=48
PM2.5_rolling_max_24=41
CO2_lag_3=39
day_of_week=15

parameters:
[boosting: gbdt]
[objective: regression]
[metric: l2]
[tree_learner: serial]
[device_type: cpu]
[data_sample_strategy: bagging]
[data: ]
[valid: ]
[num_iterations: 100]
[learning_rate: 0.1]
[num_leaves: 31]
[num_threads: 6]
[seed: 42]
[deterministic: 0]
[force_col_wise: 0]
[force_row_wise: 0]
[histogram_pool_size: -1]
[max_depth: 5]
[min_data_in_leaf: 20]
[min_sum_hessian_in_leaf: 0.001]
[bagging_fraction: 1]
[pos_bagging_fraction: 1]
[neg_bagging_fraction: 1]
[bagging_freq: 0]
[bagging_seed: 400]
[bagging_by_query: 0]
[feature_fraction: 1]
[feature_fraction_bynode: 1]
[feature_fraction_seed: 30056]
[extra_trees: 0]
[extra_seed: 12879]
[early_stopping_round: 0]
[early_stopping_min_delta: 0]
[first_metric_only: 0]
[max_delta_step: 0]
[lambda_l1: 0]
[lambda_l2: 0]
[linear_lambda: 0]
[min_gain_to_split: 0]
[drop_rate: 0.1]
[max_drop: 50]
[skip_drop: 0.5]
[xgboost_dart_mode: 0]
[uniform_drop: 0]
[drop_seed: 17869]
[top_rate: 0.2]
[other_rate: 0.1]
[min_data_per_group: 100]
[max_cat_threshold: 32]
[cat_l2: 10]
[cat_smooth: 10]
[max_cat_to_onehot: 4]
[top_k: 20]
[monotone_constraints: ]
[monotone_constraints_method: basic]
[monotone_penalty: 0]
[feature_contri: ]
[forcedsplits_filename: ]
[refit_decay_rate: 0.9]
[cegb_tradeoff: 1]
[cegb_penalty_split: 0]
[cegb_penalty_feature_lazy: ]
[cegb_penalty_feature_coupled: ]
[path_smooth: 0]
[interaction_constraints: ]
[verbosity: 1]
[saved_feature_importance_type: 0]
[use_quantized_grad: 0]
[num_grad_quant_bins: 4]
[quant_train_renew_leaf: 0]
[stochastic_rounding: 1]
[linear_tree: 0]
[max_bin: 255]
[max_bin_by_feature: ]
[min_data_in_bin: 3]
[bin_construct_sample_cnt: 200000]
[data_random_seed: 175]
[is_enable_sparse: 1]
[enable_bundle: 1]
[use_missing: 1]
[zero_as_missing: 0]
[feature_pre_filter: 1]
[pre_partition: 0]
[two_round: 0]
[header: 0]
[label_column: ]
[weight_column: ]
[group_column: ]
[ignore_column: ]
[categorical_feature: ]
[forcedbins_filename: ]
[precise_float_parser: 0]
[parser_config_file: ]
[objective_seed: 16083]
[num_class: 1]
[is_unbalance: 0]
[scale_pos_weight: 1]
[sigmoid: 1]
[boost_from_average: 1]
[reg_sqrt: 0]
[alpha: 0.9]
[fair_c: 1]
[poisson_max_delta_step: 0.7]
[tweedie_variance_power: 1.5]
[lambdarank_truncation_level: 30]
[lambdarank_norm: 1]
[label_gain: ]
[lambdarank_position_bias_regularization: 0]
[eval_at: ]
[multi_error_top_k: 1]
[auc_mu_weights: ]
[num_machines: 1]
[local_listen_port: 12400]
[time_out: 120]
[machine_list_filename: ]
[machines: ]
[gpu_platform_id: -1]
[gpu_device_id: -1]
[gpu_use_dp: 0]
[num_gpu: 1]

end of parameters

pandas_categorical:[]
